meeting_key,session_key,driver_number,lap_number,date_start,duration_sector_1,duration_sector_2,duration_sector_3,i1_speed,i2_speed,is_pit_out_lap,lap_duration,segments_sector_1,segments_sector_2,segments_sector_3,st_speed,lap_time
1257,10009,1,1,2025-04-12T12:46:56.149000+00:00,,53.171,25.535,148.0,200.0,True,,"[2064, 2064, 2064, 2049, 2049, 2049, 2049, 2049, 2049, 2049]","[2049, 2049, 2049, 2049, 2049, 2049, 2049, 2049, 2049, 2049, 2049]","[2049, 2049, 2049, 2049, 2049, 2049, 2049]",183.0,N/A
1257,10009,1,2,2025-04-12T12:48:53.330000+00:00,29.692,48.67,31.884,237.0,186.0,False,110.246,"[2049, 2049, 2049, 2049, 2051, 2049, 2049, 2049, 2051, 2049]","[2051, 2049, 2049, 2049, 2049, 2049, 2049, 2049, 2049, 2048, 2048]","[2048, 2049, 2049, 2048, 2048, 2048, 2064]",315.0,1:50.246
1257,10009,1,3,2025-04-12T12:59:04.235000+00:00,,59.694,38.315,148.0,155.0,True,,"[2064, 2064, 2064, 2048, 2048, 2048, 2048, 2048, 2048, 2048]","[2048, 2048, 2048, 2048, 2048, 2048, 2048, 2048, 2048, 2048, 2048]","[2048, 2048, 2048, 2048, 2048, 2048, 2048]",164.0,N/A
1257,10009,1,4,2025-04-12T13:01:23.066000+00:00,48.925,77.46,27.816,118.0,183.0,False,154.201,"[2048, 2048, 2048, 2048, 2048, 2048, 2048, 2048, 2048, 2048]","[2048, 2048, 2048, 2048, 2048, 2048, 2048, 2048, 2048, 2048, 2048]","[2048, 2048, 2048, 2048, 2048, 2049, 2049]",180.0,2:34.201
1257,10009,1,5,2025-04-12T13:03:57.102000+00:00,29.879,40.25,23.429,234.0,270.0,False,93.558,"[2049, 2048, 2048, 2048, 2048, 2049, 2049, 2049, 2048, 2048]","[2048, 2048, 2051, 2049, 2051, 2048, 2048, 2048, 2049, 2049, 2049]","[2049, 2049, 2049, 2049, 2049, 2048, 2048]",313.0,1:33.558
1257,10009,1,6,2025-04-12T13:05:31.309000+00:00,33.799,45.052,28.349,125.0,252.0,False,107.2,"[2048, 2048, 2048, 2048, 2048, 2048, 2048, 2048, 2048, 2048]","[2048, 2048, 2048, 2048, 2048, 2048, 2048, 2048, 2048, 2048, 2048]","[2048, 2048, 2048, 2048, 2048, 2048, 2064]",259.0,1:47.200
1257,10009,1,7,2025-04-12T13:15:30.942000+00:00,,53.063,26.145,161.0,163.0,True,,"[2064, 2064, 2064, 2048, 2048, 2048, 2048, 2048, 2048, 2048]","[2048, 2048, 2048, 2048, 2048, 2048, 2048, 2048, 2048, 2048, 2048]","[2048, 2048, 2048, 2048, 2048, 2048, 0]",135.0,N/A
1257,10009,1,8,2025-04-12T13:17:31.540000+00:00,29.558,40.128,23.341,237.0,269.0,False,93.027,"[2049, 2049, 2048, 2049, 2049, 2049, 2049, 2049, 2048, 2048]","[2048, 2049, 2048, 2048, 2048, 2049, 2049, 2048, 2049, 2048, 2048]","[2048, 2049, 2049, 2049, 2051, 2048, 2049]",314.0,1:33.027
1257,10009,1,9,2025-04-12T13:19:04.520000+00:00,45.114,69.682,33.249,126.0,156.0,False,148.045,"[2048, 2048, 2048, 2048, 2048, 2048, 2048, 2048, 2048, 2048]","[2048, 2048, 2048, 2048, 2048, 2048, 2048, 2048, 2048, 2048, 2048]","[2048, 2048, 2048, 2048, 2048, 2048, 2064]",186.0,2:28.045
1257,10009,1,10,2025-04-12T13:27:17.819000+00:00,,62.327,32.245,149.0,190.0,True,,"[2064, 2064, 2064, 2048, 2048, 2048, 2048, 2048, 2048, 2048]","[2048, 2048, 2048, 2048, 2048, 2048, 2048, 2048, 2048, 2048, 2048]","[2048, 2048, 2048, 2048, 2048, 2048, 2048]",132.0,N/A
1257,10009,1,11,2025-04-12T13:29:37.020000+00:00,29.647,57.446,30.111,236.0,170.0,False,117.204,"[2048, 2049, 2049, 2048, 2048, 2048, 2048, 2048, 2048, 2048]","[2048, 2049, 2048, 2048, 2048, 2048, 2048, 2048, 2048, 2048, 2048]","[2048, 2048, 2048, 2048, 2048, 2048, 2048]",315.0,1:57.204
1257,10009,1,12,2025-04-12T13:31:34.197000+00:00,41.142,49.935,36.972,173.0,198.0,False,128.049,"[None, 2048, 2048, 2048, 2048, 2048, 2048, 2048, 2048, 2048]","[2048, 2048, 2048, 2048, 2048, 2048, 2048, 2048, 2048, 2048, 2048]","[2048, 2048, 2048, 2048, 2048, 2048, 2048]",180.0,2:08.049
1257,10009,1,13,2025-04-12T13:33:42.269000+00:00,62.602,43.017,27.929,236.0,236.0,False,133.548,"[None, 2048, 2048, 2048, 2048, 2048, 2048, 2048, 2048, 2048]","[2048, 2048, 2048, 2048, 2048, 2048, 2048, 2048, 2048, 2048, 2048]","[2048, 2048, 2048, 2048, 2048, 2048, 2064]",253.0,2:13.548
1257,10009,4,1,2025-04-12T12:45:51.789000+00:00,,58.527,32.434,144.0,178.0,True,,"[2064, 2064, 2064, 2049, 2049, 2049, 2049, 2049, 2049, 2049]","[2049, 2049, 2049, 2049, 2049, 2049, 2049, 2049, 2049, 2049, 2049]","[2049, 2049, 2049, 2049, 2049, 2049, 2049]",206.0,N/A
1257,10009,4,2,2025-04-12T12:48:12.356000+00:00,29.962,40.554,23.28,238.0,268.0,False,93.796,"[2049, 2049, 2049, 2049, 2049, 2049, 2049, 2049, 2049, 2049]","[2049, 2051, 2051, 2049, 2051, 2049, 2049, 2049, 2051, 2049, 2049]","[2051, 2049, 2049, 2049, 2051, 2049, 2049]",309.0,1:33.796
1257,10009,4,3,2025-04-12T12:49:46.032000+00:00,47.454,65.029,37.552,134.0,143.0,False,150.035,"[2048, 2048, 2048, 2048, 2048, 2048, 2048, 2048, 2048, 2048]","[2048, 2048, 2048, 2048, 2048, 2048, 2048, 2048, 2048, 2048, 2048]","[2048, 2048, 2048, 2048, 2048, 2048, 2064]",148.0,2:30.035
1257,10009,4,4,2025-04-12T12:52:44.479000+00:00,72.297,69.295,33.269,167.0,133.0,True,174.861,"[2064, 2064, 2064, 2048, 2048, 2048, 2048, 2048, 2048, 2048]","[2048, 2048, 2048, 2048, 2048, 2048, 2048, 2048, 2048, 2048, 2048]","[2048, 2048, 2048, 2048, 2048, 2048, 2048]",117.0,2:54.861
1257,10009,4,5,2025-04-12T12:55:11.159000+00:00,30.017,40.46,23.444,238.0,269.0,False,93.921,"[2049, 2049, 2049, 2049, 2048, 2048, 2049, 2049, 2048, 2049]","[2048, 2051, 2048, 2049, 2048, 2048, 2049, 2049, 2049, 2049, 2049]","[2048, 2049, 2049, 2049, 2048, 2048, 2048]",310.0,1:33.921
1257,10009,4,6,2025-04-12T12:56:44.964000+00:00,36.68,41.649,23.622,222.0,243.0,False,101.951,"[2048, 2048, 2048, 2048, 2048, 2048, 2048, 2048, 2048, 2048]","[2048, 2048, 2048, 2048, 2048, 2048, 2048, 2048, 2048, 2048, 2048]","[2048, 2049, 2049, 2048, 2048, 2048, 2049]",178.0,1:41.951
1257,10009,4,7,2025-04-12T12:58:26.974000+00:00,30.589,41.787,23.657,237.0,242.0,False,96.033,"[None, 2048, 2048, 2048, 2048, 2048, 2048, 2048, 2048, 2048]","[2048, 2048, 2048, 2048, 2048, 2048, 2048, 2048, 2049, 2048, 2048]","[2048, 2049, 2049, 2048, 2048, 2048, 2048]",299.0,1:36.033
1257,10009,4,8,2025-04-12T13:00:03.032000+00:00,30.855,66.283,37.679,238.0,129.0,False,134.817,"[None, 2048, 2048, 2048, 2048, 2048, 2048, 2048, 2048, 2048]","[2048, 2048, 2048, 2048, 2048, 2048, 2048, 2048, 2048, 2048, 2048]","[2048, 2048, 2048, 2048, 2048, 2048, 2048]",296.0,2:14.817
1257,10009,4,9,2025-04-12T13:02:17.765000+00:00,45.829,43.316,24.424,202.0,267.0,False,113.569,"[None, 2048, 2048, 2048, 2048, 2048, 2048, 2048, 2048, 2048]","[2048, 2048, 2048, 2048, 2048, 2048, 2048, 2048, 2048, 2049, 2049]","[2048, 2048, 2048, 2048, 2048, 2048, 2048]",172.0,1:53.569
1257,10009,4,10,2025-04-12T13:04:11.317000+00:00,33.531,44.354,30.584,216.0,197.0,False,108.469,"[None, 2048, 2048, 2048, 2048, 2048, 2048, 2048, 2048, 2048]","[2048, 2048, 2048, 2048, 2048, 2048, 2048, 2048, 2048, 2048, 2048]","[2048, 2048, 2048, 2048, 2048, 2048, 2064]",239.0,1:48.469
1257,10009,4,11,2025-04-12T13:15:21.108000+00:00,,62.038,31.781,150.0,175.0,True,,"[2064, 2064, 2064, 2048, 2048, 2048, 2048, 2048, 2048, 2048]","[2048, 2048, 2048, 2048, 2048, 2048, 2048, 2048, 2048, 2048, 2048]","[2048, 2048, 2048, 2048, 2048, 2049, 2049]",125.0,N/A
1257,10009,4,12,2025-04-12T13:17:38.893000+00:00,29.951,46.918,44.721,234.0,144.0,False,121.59,"[2049, 2049, 2049, 2049, 2049, 2051, 2051, 2049, 2048, 2048]","[2049, 2048, 2049, 2049, 2049, 2051, 2051, 2049, 0, 0, 2048]","[2048, 2048, 2048, 2048, 2048, 2048, 2064]",315.0,2:01.590
1257,10009,4,13,2025-04-12T13:20:06.813000+00:00,69.6,63.675,28.503,137.0,154.0,True,161.778,"[2064, 2064, 2064, 2048, 2048, 2048, 2048, 2048, 2048, 2048]","[2048, 2048, 2048, 2048, 2048, 2048, 2048, 2048, 2048, 2048, 2048]","[2048, 2048, 2048, 2048, 2048, 2049, 2048]",104.0,2:41.778
1257,10009,4,14,2025-04-12T13:22:22.276000+00:00,29.392,39.78,23.142,242.0,273.0,False,92.314,"[2048, 2048, 2048, 2049, 2048, 2048, 2048, 2049, 2049, 2051]","[2049, 2048, 2048, 2049, 2048, 2048, 2048, 2048, 2051, 2049, 2049]","[2048, 2049, 2049, 2049, 2049, 2048, 2048]",313.0,1:32.314
1257,10009,4,15,2025-04-12T13:23:54.513000+00:00,37.849,53.326,32.988,155.0,158.0,False,124.163,"[None, 2048, 2048, 2048, 2048, 2048, 2048, 2048, 2048, 2048]","[2048, 2048, 2048, 2048, 2048, 2048, 2048, 2048, 2048, 2048, 2048]","[2048, 2048, 2048, 2048, 2048, 2048, 2064]",239.0,2:04.163
1257,10009,4,16,2025-04-12T13:29:32.411000+00:00,,53.22,28.527,76.0,175.0,True,,"[2064, 2064, 2064, 2048, 2048, 2048, 2048, 2048, 2048, 2048]","[2048, 2048, 2048, 2048, 2048, 2048, 2048, 2048, 2048, 2048, 2048]","[2048, 2048, 2048, 2048, 2048, 2048, 2048]",135.0,N/A
1257,10009,4,17,2025-04-12T13:31:34.634000+00:00,38.204,51.46,34.254,181.0,198.0,False,123.918,"[2048, 2048, 2048, 2048, 2048, 2048, 2048, 2048, 2048, 2048]","[2048, 2048, 2048, 2048, 2048, 2048, 2048, 2048, 2048, 2048, 2048]","[2048, 2048, 2048, 2048, 2048, 2048, 2048]",200.0,2:03.918
1257,10009,4,18,2025-04-12T13:33:38.475000+00:00,64.126,50.23,32.56,177.0,182.0,False,146.916,"[None, 2048, 2048, 2048, 2048, 2048, 2048, 2048, 2048, 2048]","[2048, 2048, 2048, 2048, 2048, 2048, 2048, 2048, 2048, 2048, 2048]","[2048, 2048, 2048, 2048, 2048, 2048, 2064]",235.0,2:26.916
1257,10009,5,1,2025-04-12T12:43:41.830000+00:00,,55.951,27.455,203.0,146.0,True,,"[2064, 2064, 2064, 2049, 2049, 2049, 2049, 2049, 2049, 2049]","[2049, 2049, 2049, 2049, 2049, 2049, 2049, 2049, 2049, 2049, 2049]","[2049, 2049, 2049, 2049, 2049, 2049, 2049]",91.0,N/A
1257,10009,5,2,2025-04-12T12:45:49.209000+00:00,29.772,44.885,23.921,239.0,238.0,False,98.578,"[2049, 2051, 2051, 2049, 2049, 2051, 2051, 2051, 2049, 2051]","[2049, 2049, 2049, 2049, 2049, 2051, 2051, 2051, 0, 0, 2049]","[2049, 2049, 2049, 2049, 2049, 2048, 2049]",319.0,1:38.578
1257,10009,5,3,2025-04-12T12:47:27.664000+00:00,42.887,57.629,36.401,152.0,167.0,False,136.917,"[2048, 2048, 2048, 2048, 2048, 2048, 2048, 2048, 2048, 2048]","[2048, 2048, 2048, 2048, 2048, 2048, 2048, 2048, 2049, 2048, 2048]","[2048, 2048, 2048, 2048, 2048, 2048, 2064]",158.0,2:16.917
1257,10009,5,4,2025-04-12T12:56:46.483000+00:00,,56.577,30.607,148.0,184.0,True,,"[2064, 2064, 2064, 2048, 2048, 2048, 2048, 2048, 2048, 2048]","[2048, 2048, 2048, 2048, 2048, 2048, 2048, 2048, 2048, 2048, 2048]","[2048, 2048, 2048, 2048, 2048, 2049, 2048]",119.0,N/A
1257,10009,5,5,2025-04-12T12:58:55.433000+00:00,30.217,41.483,23.886,237.0,264.0,False,95.586,"[2048, 2048, 2048, 2048, 2048, 2048, 2048, 2048, 2048, 2048]","[2048, 2049, 2049, 2048, 2048, 2048, 2048, 2048, 2049, 2049, 2049]","[2049, 2048, 2048, 2048, 2048, 2048, 0]",314.0,1:35.586
1257,10009,5,6,2025-04-12T13:00:31.030000+00:00,47.807,89.108,35.18,119.0,90.0,False,172.095,"[None, 2048, 2048, 2048, 2048, 2048, 2048, 2048, 2048, 2048]","[2048, 2048, 2048, 2048, 2048, 2048, 2048, 2048, 2048, 2048, 2048]","[2048, 2048, 2048, 2048, 2048, 2048, 2064]",197.0,2:52.095
1257,10009,5,7,2025-04-12T13:08:46.142000+00:00,,59.976,30.513,144.0,152.0,True,,"[2064, 2064, 2064, 2048, 2048, 2048, 2048, 2048, 2048, 2048]","[2048, 2048, 2048, 2048, 2048, 2048, 2048, 2048, 2048, 2048, 2048]","[2048, 2048, 2048, 2048, 2048, 2049, 2049]",176.0,N/A
1257,10009,5,8,2025-04-12T13:10:55.753000+00:00,29.897,40.816,23.805,240.0,275.0,False,94.518,"[2049, 2049, 2048, 2048, 2048, 2048, 2048, 2051, 2049, 2051]","[2048, 2049, 2048, 2048, 2048, 2048, 2051, 2048, 2049, 2049, 2051]","[2049, 2048, 2048, 2049, 2048, 2048, 0]",319.0,1:34.518
1257,10009,5,9,2025-04-12T13:12:30.008000+00:00,46.596,67.604,38.764,140.0,161.0,False,152.964,"[2048, 2048, 2048, 2048, 2048, 2048, 2048, 2048, 2048, 2048]","[2048, 2048, 2048, 2048, 2048, 2048, 2048, 2048, 2048, 2048, 2048]","[2048, 2048, 2048, 2048, 2048, 2048, 2064]",190.0,2:32.964
1257,10009,5,10,2025-04-12T13:15:22.428000+00:00,69.184,65.235,39.138,122.0,151.0,True,173.557,"[2064, 2064, 2064, 2048, 2048, 2048, 2048, 2048, 2048, 2048]","[2048, 2048, 2048, 2048, 2048, 2048, 2048, 2048, 2048, 2048, 2048]","[2048, 2048, 2048, 2048, 2048, 2048, 2048]",111.0,2:53.557
1257,10009,5,11,2025-04-12T13:17:56.627000+00:00,30.24,41.295,26.373,237.0,269.0,False,97.908,"[2048, 2049, 2048, 2048, 2048, 2048, 2048, 2048, 2048, 2048]","[2048, 2048, 2048, 2048, 2048, 2048, 2048, 2048, 2048, 2048, 2048]","[2048, 2049, 2048, 2048, 2049, 2048, 2064]",318.0,1:37.908
1257,10009,5,12,2025-04-12T13:23:15.290000+00:00,,43.535,26.398,232.0,255.0,True,,"[2064, 2064, 2064, 2048, 2048, 2048, 2048, 2048, 2048, 2048]","[2048, 2048, 2048, 2048, 2048, 2048, 2048, 2048, 2048, 2048, 2048]","[2048, 2048, 2048, 2048, 2048, 2048, 2064]",184.0,N/A
1257,10009,5,13,2025-04-12T13:25:34.041000+00:00,67.083,42.669,28.171,238.0,241.0,True,137.923,"[None, 2064, 2064, 2048, 2048, 2048, 2048, 2048, 2048, 2048]","[2048, 2048, 2049, 2048, 2048, 2048, 2048, 2048, 2048, 2048, 2048]","[2048, 2048, 2048, 2048, 2048, 2048, 2064]",195.0,2:17.923
1257,10009,5,14,2025-04-12T13:27:52.353000+00:00,68.416,58.389,33.148,152.0,102.0,True,159.953,"[None, 2064, 2064, 2048, 2048, 2048, 2048, 2048, 2048, 2048]","[2048, 2048, 2048, 2048, 2048, 2048, 2048, 2048, 2048, 2048, 2048]","[2048, 2048, 2048, 2048, 2048, 2048, 2048]",186.0,2:39.953
1257,10009,5,15,2025-04-12T13:30:11.679000+00:00,39.25,48.543,31.993,142.0,172.0,False,119.786,"[2048, 2048, 2048, 2048, 2048, 2048, 2048, 2048, 2048, 2048]","[2048, 2048, 2048, 2048, 2048, 2048, 2048, 2048, 2048, 2048, 2048]","[2048, 2048, 2048, 2048, 2048, 2048, 2048]",166.0,1:59.786
1257,10009,5,16,2025-04-12T13:32:11.471000+00:00,58.774,48.531,31.911,221.0,172.0,False,139.216,"[None, 2048, 2048, 2048, 2048, 2048, 2048, 2048, 2048, 2048]","[2048, 2048, 2048, 2048, 2048, 2048, 2048, 2048, 2048, 2048, 2048]","[2048, 2048, 2048, 2048, 2048, 2048, 2064]",185.0,2:19.216
1257,10009,6,1,2025-04-12T12:53:29.282000+00:00,,59.596,33.423,138.0,164.0,True,,"[2064, 2064, 2064, 2049, 2049, 2049, 2049, 2049, 2049, 2049]","[2049, 2049, 2049, 2049, 2049, 2049, 2049, 2049, 2049, 2049, 2049]","[2049, 2049, 2049, 2049, 2049, 2049, 2049]",126.0,N/A
1257,10009,6,2,2025-04-12T12:55:43.276000+00:00,30.027,41.09,23.728,235.0,271.0,False,94.845,"[2049, 2049, 2049, 2049, 2049, 2049, 2049, 2049, 2049, 2049]","[2049, 2049, 2049, 2049, 2049, 2049, 2049, 2049, 2049, 2049, 2049]","[2049, 2049, 2049, 2049, 2049, 2048, 0]",316.0,1:34.845
1257,10009,6,3,2025-04-12T12:57:17.945000+00:00,44.574,59.835,34.123,158.0,179.0,False,138.532,"[2048, 2048, 2048, 2048, 2048, 2048, 2048, 2048, 2048, 2048]","[2048, 2048, 2048, 2048, 2048, 2048, 2048, 2048, 2048, 2048, 2048]","[2048, 2048, 2048, 2048, 2048, 2048, 2064]",211.0,2:18.532
1257,10009,6,4,2025-04-12T13:03:15.948000+00:00,,63.451,28.567,166.0,100.0,True,,"[2064, 2064, 2064, 2048, 2048, 2048, 2048, 2048, 2048, 2048]","[2048, 2048, 2048, 2048, 2048, 2048, 2048, 2048, 2048, 2048, 2048]","[2048, 2048, 2048, 2048, 2048, 2049, 2049]",80.0,N/A
1257,10009,6,5,2025-04-12T13:05:35.163000+00:00,30.032,41.121,23.528,238.0,272.0,False,94.681,"[2049, 2049, 2049, 2049, 2049, 2048, 2049, 2049, 2048, 2048]","[2049, 2048, 2048, 2049, 2048, 2049, 2049, 2049, 2048, 2049, 2049]","[2048, 2049, 2049, 2049, 2048, 2048, 0]",318.0,1:34.681
1257,10009,6,6,2025-04-12T13:07:09.726000+00:00,31.62,50.557,27.787,219.0,181.0,False,109.964,"[2048, 2048, 2048, 2048, 2048, 2048, 2048, 2048, 2048, 2048]","[2048, 2048, 2048, 2048, 2048, 2048, 2048, 2048, 2048, 2048, 2048]","[2048, 2048, 2048, 2048, 2048, 2048, 2064]",297.0,1:49.964
1257,10009,6,7,2025-04-12T13:09:22.143000+00:00,67.057,42.487,26.542,237.0,256.0,True,136.086,"[2064, 2064, 2064, 2048, 2048, 2048, 2048, 2048, 2048, 2048]","[2048, 2048, 2048, 2048, 2048, 2048, 2048, 2048, 2048, 2048, 2048]","[2048, 2048, 2048, 2048, 2049, 2048, 2064]",205.0,2:16.086
1257,10009,6,8,2025-04-12T13:16:20.668000+00:00,,56.065,26.818,176.0,199.0,True,,"[None, 2064, 2064, 2048, 2048, 2048, 2048, 2048, 2048, 2048]","[2048, 2048, 2048, 2048, 2048, 2048, 2048, 2048, 2048, 2048, 2048]","[2048, 2048, 2048, 2048, 2048, 2049, 2049]",69.0,N/A
1257,10009,6,9,2025-04-12T13:18:36.018000+00:00,29.504,40.299,23.22,239.0,273.0,False,93.023,"[2049, 2049, 2049, 2049, 2049, 2049, 2049, 2049, 2049, 2049]","[2049, 2049, 2049, 2049, 2049, 2049, 2049, 2049, 2049, 2049, 2049]","[2049, 2049, 2049, 2049, 2048, 2048, 2048]",320.0,1:33.023
1257,10009,6,10,2025-04-12T13:20:08.900000+00:00,42.937,50.693,29.691,174.0,255.0,False,123.321,"[2048, 2048, 2048, 2048, 2048, 2048, 2048, 2048, 2048, 2048]","[2048, 2048, 2048, 2048, 2048, 2048, 2048, 2048, 2048, 2048, 2048]","[2048, 2048, 2048, 2048, 2048, 2048, 2064]",103.0,2:03.321
1257,10009,6,11,2025-04-12T13:25:14.136000+00:00,,43.67,26.583,231.0,259.0,True,,"[2064, 2064, 2064, 2048, 2048, 2048, 2048, 2048, 2048, 2048]","[2048, 2048, 2048, 2048, 2048, 2048, 2048, 2048, 2048, 2048, 2048]","[2048, 2048, 2048, 2048, 2048, 2048, 2064]",171.0,N/A
1257,10009,6,12,2025-04-12T13:27:37.682000+00:00,69.78,43.342,24.568,235.0,253.0,True,137.69,"[None, 2064, 2064, 2048, 2048, 2048, 2048, 2048, 2048, 2048]","[2048, 2048, 2048, 2048, 2048, 2048, 2048, 2048, 2048, 2048, 2048]","[2048, 2048, 2048, 2048, 2048, 2048, 2048]",202.0,2:17.690
1257,10009,6,13,2025-04-12T13:29:31.162000+00:00,31.505,42.534,24.018,233.0,254.0,False,98.057,"[2048, 2048, 2048, 2048, 2048, 2048, 2048, 2048, 2048, 2048]","[2048, 2048, 2048, 2048, 2048, 2048, 2048, 2048, 2048, 2048, 2048]","[2048, 2048, 2048, 2048, 2048, 2048, 2048]",289.0,1:38.057
1257,10009,6,14,2025-04-12T13:31:08.495000+00:00,40.97,66.887,41.729,135.0,126.0,False,149.586,"[None, 2048, 2048, 2048, 2048, 2048, 2048, 2048, 2048, 2048]","[2048, 2048, 2048, 2048, 2048, 2048, 2048, 2048, 2048, 2048, 2048]","[2048, 2048, 2048, 2048, 2048, 2048, 2048]",285.0,2:29.586
1257,10009,6,15,2025-04-12T13:33:38.167000+00:00,61.79,45.859,26.782,216.0,255.0,False,134.431,"[None, 2048, 2048, 2048, 2048, 2048, 2048, 2048, 2048, 2048]","[2048, 2048, 2048, 2048, 2048, 2048, 2048, 2048, 2048, 2048, 2048]","[2048, 2048, 2048, 2048, 2048, 2048, 2064]",262.0,2:14.431
1257,10009,7,1,2025-04-12T12:41:09.461000+00:00,,49.557,26.965,183.0,232.0,True,,"[2064, 2064, 2064, 2049, 2049, 2049, 2049, 2049, 2049, 2049]","[2049, 2049, 2049, 2049, 2049, 2049, 2049, 2049, 2049, 2049, 2049]","[2049, 2049, 2049, 2049, 2049, 2049, 2049]",115.0,N/A
1257,10009,7,2,2025-04-12T12:43:10.733000+00:00,30.399,41.279,23.896,233.0,266.0,False,95.574,"[2049, 2049, 2049, 2049, 2049, 2051, 2049, 2049, 2049, 2049]","[2049, 2049, 2049, 2049, 2049, 2049, 2049, 2049, 2051, 2049, 2049]","[2049, 2049, 2049, 2049, 2049, 2048, 2048]",315.0,1:35.574
1257,10009,7,3,2025-04-12T12:44:46.212000+00:00,47.318,65.525,39.159,135.0,132.0,False,152.002,"[2048, 2048, 2048, 2048, 2048, 2048, 2048, 2048, 2048, 2048]","[2048, 2048, 2048, 2048, 2048, 2048, 2048, 2048, 2048, 2048, 2048]","[2048, 2048, 2048, 2048, 2048, 2048, 2064]",205.0,2:32.002
1257,10009,7,4,2025-04-12T12:47:45.777000+00:00,72.183,63.149,27.954,164.0,212.0,True,163.286,"[2064, 2064, 2064, 2048, 2048, 2048, 2048, 2048, 2048, 2048]","[2048, 2048, 2048, 2048, 2048, 2048, 2048, 2048, 2048, 2048, 2048]","[2048, 2048, 2048, 2048, 2048, 2049, 2049]",107.0,2:43.286
1257,10009,7,5,2025-04-12T12:50:01.567000+00:00,30.352,41.332,23.763,237.0,267.0,False,95.447,"[2049, 2049, 2049, 2049, 2049, 2048, 2049, 2049, 2048, 2049]","[2049, 2049, 2048, 2048, 2048, 2048, 2048, 2049, 2051, 2051, 2049]","[2048, 2049, 2049, 2049, 2049, 2048, 2048]",316.0,1:35.447
1257,10009,7,6,2025-04-12T12:51:37.005000+00:00,45.309,65.608,39.163,135.0,131.0,False,150.08,"[2048, 2048, 2048, 2048, 2048, 2048, 2048, 2048, 2048, 2048]","[2048, 2048, 2048, 2048, 2048, 2048, 2048, 2048, 2048, 2048, 2048]","[2048, 2048, 2048, 2048, 2048, 2048, 2064]",229.0,2:30.080
1257,10009,7,7,2025-04-12T12:54:35.048000+00:00,78.946,65.323,25.334,137.0,224.0,True,169.603,"[2064, 2064, 2064, 2048, 2048, 2048, 2048, 2048, 2048, 2048]","[2048, 2048, 2048, 2048, 2048, 2048, 2048, 2048, 2048, 2048, 2048]","[2048, 2048, 2048, 2048, 2048, 2048, 2049]",101.0,2:49.603
1257,10009,7,8,2025-04-12T12:56:56.824000+00:00,30.167,40.977,23.662,237.0,269.0,False,94.806,"[2049, 2049, 2051, 2051, 2049, 2048, 2049, 2049, 2048, 2049]","[2048, 2048, 2048, 2049, 2049, 2049, 2049, 2049, 2049, 2049, 2049]","[2048, 2048, 2048, 2048, 2049, 2048, 0]",319.0,1:34.806
1257,10009,7,9,2025-04-12T12:58:31.477000+00:00,43.303,51.246,29.576,130.0,245.0,False,124.125,"[None, 2048, 2048, 2048, 2048, 2048, 2048, 2048, 2048, 2048]","[2048, 2048, 2048, 2048, 2048, 2048, 2048, 2048, 2048, 2048, 2048]","[2048, 2048, 2048, 2048, 2048, 2048, 2064]",244.0,2:04.125
1257,10009,7,10,2025-04-12T13:15:51.601000+00:00,,50.173,28.406,173.0,221.0,True,,"[2064, 2064, 2064, 2048, 2048, 2048, 2048, 2048, 2048, 2048]","[2048, 2048, 2048, 2048, 2048, 2048, 2048, 2048, 2048, 2048, 2048]","[2048, 2048, 2048, 2048, 2048, 2048, 2048]",82.0,N/A
1257,10009,7,11,2025-04-12T13:18:09.906000+00:00,29.501,45.3,39.326,241.0,137.0,False,114.127,"[2048, 2049, 2049, 2049, 2049, 2049, 2049, 2049, 2049, 2049]","[2049, 2049, 2049, 2049, 2049, 2049, 2049, 2051, 2048, 2048, 2048]","[2048, 2048, 2048, 2048, 2048, 2048, 2048]",320.0,1:54.127
1257,10009,7,12,2025-04-12T13:20:04.130000+00:00,50.713,69.004,40.162,136.0,153.0,False,159.879,"[None, 2048, 2048, 2048, 2048, 2048, 2048, 2048, 2048, 2048]","[2048, 2048, 2048, 2048, 2048, 2048, 2048, 2048, 2048, 2048, 2048]","[2048, 2048, 2048, 2048, 2048, 2048, 2064]",134.0,2:39.879
1257,10009,7,13,2025-04-12T13:23:01.125000+00:00,59.475,51.75,27.102,167.0,221.0,True,138.327,"[2064, 2064, 2064, 2048, 2048, 2048, 2048, 2048, 2048, 2048]","[2048, 2048, 2048, 2048, 2048, 2048, 2048, 2048, 2048, 2048, 2048]","[2048, 2048, 2048, 2048, 2048, 2049, 0]",123.0,2:18.327
1257,10009,7,14,2025-04-12T13:25:02.438000+00:00,29.815,40.342,23.19,239.0,272.0,False,93.347,"[2048, 2048, 2048, 2048, 2048, 2048, 2048, 2049, 2048, 2048]","[2048, 2048, 2048, 2048, 2048, 2049, 2049, 2048, 2049, 2049, 2049]","[2049, 2049, 2049, 2049, 2049, 2048, 2048]",317.0,1:33.347
1257,10009,7,15,2025-04-12T13:26:35.551000+00:00,43.701,59.933,35.336,139.0,170.0,False,138.97,"[None, 2048, 2048, 2048, 2048, 2048, 2048, 2048, 2048, 2048]","[2048, 2048, 2048, 2048, 2048, 2048, 2048, 2048, 2048, 2048, 2048]","[2048, 2048, 2048, 2048, 2048, 2048, 2064]",193.0,2:18.970
1257,10009,7,16,2025-04-12T13:29:23.187000+00:00,88.44,50.067,27.158,190.0,173.0,True,165.665,"[2064, 2064, 2064, 2048, 2048, 2048, 2048, 2048, 2048, 2048]","[2048, 2048, 2048, 2048, 2048, 2048, 2048, 2048, 2048, 2048, 2048]","[2048, 2048, 2048, 2048, 2048, 2048, 2048]",162.0,2:45.665
1257,10009,7,17,2025-04-12T13:31:40.263000+00:00,42.825,57.46,40.651,165.0,162.0,False,140.936,"[2048, 2048, 2048, 2048, 2048, 2048, 2048, 2048, 2048, 2048]","[2048, 2048, 2048, 2048, 2048, 2048, 2048, 2048, 2048, 2048, 2048]","[2048, 2048, 2048, 2048, 2048, 2048, 2048]",154.0,2:20.936
1257,10009,7,18,2025-04-12T13:34:01.246000+00:00,59.345,42.828,,238.0,258.0,False,,"[None, 2048, 2048, 2048, 2048, 2048, 2048, 2048, 2048, 2048]","[2048, 2048, 2048, 2048, 2048, 2048, 2048, 2048, 2048, 2048, 2048]","[0, 0, 0, 0, 0, 0, 0]",263.0,N/A
1257,10009,10,1,2025-04-12T12:41:48.054000+00:00,,54.043,26.392,175.0,182.0,True,,"[2064, 2064, 2064, 2049, 2049, 2049, 2049, 2049, 2049, 2049]","[2049, 2049, 2049, 2049, 2049, 2049, 2049, 2049, 2049, 2049, 2049]","[2049, 2049, 2049, 2049, 2049, 2049, 2049]",129.0,N/A
1257,10009,10,2,2025-04-12T12:43:48.526000+00:00,30.236,41.182,23.688,236.0,263.0,False,95.106,"[2049, 2049, 2051, 2049, 2049, 2049, 2049, 2049, 2049, 2049]","[2049, 2049, 2051, 2049, 2049, 2051, 2049, 2049, 2049, 2049, 2049]","[2051, 2049, 2049, 2049, 2049, 2048, 0]",317.0,1:35.106
1257,10009,10,3,2025-04-12T12:45:23.583000+00:00,48.238,73.25,42.783,112.0,125.0,False,164.271,"[2048, 2048, 2048, 2048, 2048, 2048, 2048, 2048, 2048, 2048]","[2048, 2048, 2048, 2048, 2048, 2048, 2048, 2048, 2048, 2048, 2048]","[2048, 2048, 2048, 2048, 2048, 2048, 2064]",229.0,2:44.271
1257,10009,10,4,2025-04-12T12:48:43.362000+00:00,81.639,61.479,27.871,137.0,155.0,True,170.989,"[2064, 2064, 2064, 2048, 2048, 2048, 2048, 2048, 2048, 2048]","[2048, 2048, 2048, 2048, 2048, 2048, 2048, 2048, 2048, 2048, 2048]","[2048, 2048, 2048, 2048, 2048, 2049, 2049]",110.0,2:50.989
1257,10009,10,5,2025-04-12T12:50:58.913000+00:00,30.168,40.871,23.689,238.0,268.0,False,94.728,"[2049, 2049, 2049, 2048, 2048, 2049, 2049, 2049, 2048, 2049]","[2049, 2049, 2048, 2049, 2049, 2048, 2048, 2048, 2051, 2049, 2049]","[2048, 2049, 2049, 2048, 2049, 2048, 0]",318.0,1:34.728
1257,10009,10,6,2025-04-12T12:52:33.436000+00:00,46.75,71.419,41.32,138.0,136.0,False,159.489,"[2048, 2048, 2048, 2048, 2048, 2048, 2048, 2048, 2048, 2048]","[2048, 2048, 2048, 2048, 2048, 2048, 2048, 2048, 2048, 2048, 2048]","[2048, 2048, 2048, 2048, 2048, 2048, 2064]",260.0,2:39.489
1257,10009,10,7,2025-04-12T12:55:42.391000+00:00,77.145,68.238,26.028,112.0,157.0,True,171.411,"[2064, 2064, 2064, 2048, 2048, 2048, 2048, 2048, 2048, 2048]","[2048, 2048, 2048, 2048, 2048, 2048, 2048, 2048, 2048, 2048, 2048]","[2048, 2048, 2048, 2048, 2048, 2049, 2049]",103.0,2:51.411
1257,10009,10,8,2025-04-12T12:58:04.447000+00:00,30.065,40.946,23.561,238.0,268.0,False,94.572,"[2049, 2049, 2048, 2048, 2049, 2049, 2049, 2049, 2048, 2048]","[2048, 2049, 2048, 2048, 2048, 2049, 2049, 2048, 2048, 2048, 2048]","[2048, 2049, 2048, 2049, 2049, 2048, 2048]",315.0,1:34.572
1257,10009,10,9,2025-04-12T12:59:39.025000+00:00,42.132,70.585,37.353,192.0,149.0,False,150.07,"[2048, 2048, 2048, 2048, 2048, 2048, 2048, 2048, 2048, 2048]","[2048, 2048, 2048, 2048, 2048, 2048, 2048, 2048, 2048, 2048, 2048]","[2048, 2048, 2048, 2048, 2048, 2048, 2064]",214.0,2:30.070
1257,10009,10,10,2025-04-12T13:15:41.492000+00:00,,54.927,31.036,147.0,165.0,True,,"[2064, 2064, 2064, 2048, 2048, 2048, 2048, 2048, 2048, 2048]","[2048, 2048, 2048, 2048, 2048, 2048, 2048, 2048, 2048, 2048, 2048]","[2048, 2048, 2048, 2048, 2048, 2048, 2049]",115.0,N/A
1257,10009,10,11,2025-04-12T13:17:51.455000+00:00,29.629,40.023,23.322,240.0,272.0,False,92.974,"[2049, 2049, 2049, 2049, 2049, 2049, 2049, 2049, 2049, 2049]","[2049, 2049, 2049, 2049, 2049, 2049, 2049, 2048, 2049, 2051, 2049]","[2049, 2049, 2049, 2049, 2048, 2048, 2048]",319.0,1:32.974
1257,10009,10,12,2025-04-12T13:19:24.311000+00:00,47.736,74.971,42.18,106.0,133.0,False,164.887,"[2048, 2048, 2048, 2048, 2048, 2048, 2048, 2048, 2048, 2048]","[2048, 2048, 2048, 2048, 2048, 2048, 2048, 2048, 2048, 2048, 2048]","[2048, 2048, 2048, 2048, 2048, 2048, 2064]",243.0,2:44.887
1257,10009,10,13,2025-04-12T13:22:39.225000+00:00,81.669,72.972,26.318,109.0,175.0,True,180.959,"[2064, 2064, 2064, 2048, 2048, 2048, 2048, 2048, 2048, 2048]","[2048, 2048, 2048, 2048, 2048, 2048, 2048, 2048, 2048, 2048, 2048]","[2048, 2048, 2048, 2048, 2048, 2049, 2049]",102.0,3:00.959
1257,10009,10,14,2025-04-12T13:25:10.266000+00:00,43.586,64.55,30.059,141.0,138.0,False,138.195,"[2048, 2048, 2048, 2049, 2048, 2048, 2048, 2048, 2048, 2048]","[2048, 2048, 2048, 2048, 2048, 2048, 2048, 2048, 2048, 2048, 2048]","[2048, 2048, 2048, 2048, 2048, 2048, 2048]",317.0,2:18.195
1257,10009,10,15,2025-04-12T13:27:28.357000+00:00,29.779,40.134,23.181,240.0,271.0,False,93.094,"[None, 2048, 2048, 2048, 2049, 2048, 2048, 2048, 2049, 2048]","[2049, 2048, 2048, 2049, 2049, 2048, 2048, 2048, 2049, 2048, 2048]","[2048, 2048, 2048, 2048, 2051, 2048, 2048]",314.0,1:33.094
1257,10009,10,16,2025-04-12T13:29:01.571000+00:00,42.798,59.282,27.953,133.0,117.0,False,130.033,"[None, 2048, 2048, 2048, 2048, 2048, 2048, 2048, 2048, 2048]","[2048, 2048, 2048, 2048, 2048, 2048, 2048, 2048, 2048, 2048, 2048]","[2048, 2048, 2048, 2048, 2048, 2049, 2048]",274.0,2:10.033
1257,10009,10,17,2025-04-12T13:31:11.604000+00:00,33.739,61.861,39.175,135.0,152.0,False,134.775,"[None, 2048, 2048, 2048, 2048, 2048, 2048, 2048, 2048, 2048]","[2048, 2048, 2048, 2048, 2048, 2048, 2048, 2048, 2048, 2048, 2048]","[2048, 2048, 2048, 2048, 2048, 2048, 2048]",319.0,2:14.775
1257,10009,10,18,2025-04-12T13:33:26.318000+00:00,60.405,41.246,,238.0,221.0,False,,"[None, 2048, 2048, 2048, 2048, 2048, 2048, 2048, 2048, 2048]","[2048, 2048, 2048, 2048, 2048, 2048, 2048, 2048, 2048, 2048, 2048]","[0, 0, 0, 0, 0, 0, 0]",267.0,N/A
1257,10009,12,1,2025-04-12T12:54:09.617000+00:00,,56.307,26.52,151.0,175.0,True,,"[2064, 2064, 2064, 2049, 2049, 2049, 2049, 2049, 2049, 2049]","[2049, 2049, 2049, 2049, 2049, 2049, 2049, 2049, 2049, 2049, 2049]","[2049, 2049, 2049, 2049, 2049, 2049, 2049]",124.0,N/A
1257,10009,12,2,2025-04-12T12:56:14.691000+00:00,30.135,41.271,23.626,238.0,268.0,False,95.032,"[2049, 2049, 2049, 2049, 2049, 2049, 2049, 2049, 2049, 2049]","[2049, 2049, 2049, 2049, 2049, 2049, 2049, 2049, 2049, 2049, 2049]","[2049, 2049, 2049, 2049, 2049, 2049, 0]",316.0,1:35.032
1257,10009,12,3,2025-04-12T12:57:49.652000+00:00,48.33,76.345,46.58,61.0,106.0,False,171.255,"[None, 2048, 2048, 2048, 2048, 2048, 2048, 2048, 2048, 2048]","[2048, 2048, 2048, 2048, 2048, 2048, 2048, 2048, 2048, 2048, 2048]","[2048, 2048, 2048, 2048, 2048, 2048, 2064]",186.0,2:51.255
1257,10009,12,4,2025-04-12T13:01:12.072000+00:00,89.935,66.992,28.93,128.0,141.0,True,185.857,"[2064, 2064, 2064, 2048, 2048, 2048, 2048, 2048, 2048, 2048]","[2048, 2048, 2048, 2048, 2048, 2048, 2048, 2048, 2048, 2048, 2048]","[2048, 2048, 2048, 2048, 2048, 2048, 0]",68.0,3:05.857
1257,10009,12,5,2025-04-12T13:03:48.184000+00:00,30.159,41.08,23.908,237.0,269.0,False,95.147,"[2049, 2048, 2048, 2049, 2049, 2048, 2049, 2049, 2048, 2048]","[2048, 2049, 2049, 2049, 2048, 2049, 2049, 2049, 2049, 2049, 2049]","[2049, 2049, 2049, 2049, 2048, 2048, 2048]",314.0,1:35.147
1257,10009,12,6,2025-04-12T13:05:22.048000+00:00,47.355,61.986,29.345,150.0,192.0,False,138.686,"[2048, 2048, 2048, 2048, 2048, 2048, 2048, 2048, 2048, 2048]","[2048, 2048, 2048, 2048, 2048, 2048, 2048, 2048, 2048, 2048, 2048]","[2048, 2048, 2048, 2048, 2048, 2048, 2064]",208.0,2:18.686
1257,10009,12,7,2025-04-12T13:16:23.274000+00:00,,58.89,25.504,149.0,183.0,True,,"[2064, 2064, 2064, 2048, 2048, 2048, 2048, 2048, 2048, 2048]","[2048, 2048, 2048, 2048, 2048, 2048, 2048, 2048, 2048, 2048, 2048]","[2048, 2048, 2048, 2048, 2048, 2049, 2049]",39.0,N/A
1257,10009,12,8,2025-04-12T13:18:54.543000+00:00,29.327,40.403,23.186,242.0,272.0,False,92.916,"[2049, 2049, 2049, 2049, 2049, 2049, 2049, 2049, 2049, 2051]","[2049, 2049, 2049, 2049, 2049, 2049, 2049, 2049, 2049, 2049, 2049]","[2049, 2049, 2049, 2049, 2049, 2049, 0]",319.0,1:32.916
1257,10009,12,9,2025-04-12T13:20:27.369000+00:00,40.791,52.611,30.261,160.0,186.0,False,123.663,"[2048, 2048, 2048, 2048, 2048, 2048, 2048, 2048, 2048, 2048]","[2048, 2048, 2048, 2048, 2048, 2048, 2048, 2048, 2048, 2048, 2048]","[2048, 2048, 2048, 2048, 2048, 2048, 2064]",233.0,2:03.663
1257,10009,12,10,2025-04-12T13:28:19.923000+00:00,,53.953,29.177,156.0,185.0,True,,"[2064, 2064, 2064, 2048, 2048, 2048, 2048, 2048, 2048, 2048]","[2048, 2048, 2048, 2048, 2048, 2048, 2048, 2048, 2048, 2048, 2048]","[2048, 2048, 2048, 2048, 2048, 2048, 2048]",109.0,N/A
1257,10009,12,11,2025-04-12T13:30:42.461000+00:00,40.301,51.556,36.756,147.0,160.0,False,128.613,"[2048, 2048, 2048, 2048, 2048, 2048, 2048, 2048, 2048, 2048]","[2048, 2048, 2048, 2048, 2048, 2048, 2048, 2048, 2048, 2048, 2048]","[2048, 2048, 2048, 2048, 2048, 2048, 2048]",219.0,2:08.613
1257,10009,12,12,2025-04-12T13:32:51.209000+00:00,69.977,47.672,28.488,224.0,176.0,False,146.137,"[None, 2048, 2048, 2048, 2048, 2048, 2048, 2048, 2048, 2048]","[2048, 2048, 2048, 2048, 2048, 2048, 2048, 2048, 2048, 2048, 2048]","[2048, 2048, 2048, 2048, 2048, 2048, 2064]",252.0,2:26.137
1257,10009,14,1,2025-04-12T12:48:35.688000+00:00,,61.938,29.172,145.0,159.0,True,,"[2064, 2064, 2064, 2049, 2049, 2049, 2049, 2049, 2049, 2049]","[2049, 2049, 2049, 2049, 2049, 2049, 2049, 2049, 2049, 2049, 2049]","[2049, 2049, 2049, 2049, 2049, 2049]",137.0,N/A
1257,10009,14,2,2025-04-12T12:50:47.499000+00:00,29.695,40.721,23.821,240.0,267.0,False,94.237,"[2049, 2049, 2049, 2049, 2049, 2049, 2049, 2049, 2049, 2051]","[2049, 2049, 2049, 2049, 2049, 2049, 2049, 2049, 2049, 2049, 2049]","[2049, 2049, 2049, 2049, 2049, 2048, 0]",316.0,1:34.237
1257,10009,14,3,2025-04-12T12:52:21.035000+00:00,52.262,73.102,34.294,140.0,146.0,False,159.658,"[2048, 2048, 2048, 2048, 2048, 2048, 2048, 2048, 2048, 2048]","[2048, 2048, 2048, 2048, 2048, 2048, 2048, 2048, 2048, 2048, 2048]","[2048, 2048, 2048, 2048, 2048, 2048, 2048]",155.0,2:39.658
1257,10009,14,4,2025-04-12T12:55:00.896000+00:00,48.797,64.365,34.913,127.0,105.0,False,148.075,"[None, 2048, 2048, 2048, 2048, 2048, 2048, 2048, 2048, 2048]","[2048, 2048, 2048, 2048, 2048, 2048, 2048, 2048, 2048, 2048, 2048]","[2048, 2048, 2048, 2048, 2048, 2049, 2049]",263.0,2:28.075
1257,10009,14,5,2025-04-12T12:57:28.977000+00:00,29.729,40.836,23.709,237.0,268.0,False,94.274,"[2051, 2051, 2049, 2048, 2048, 2048, 2048, 2048, 2048, 2048]","[2048, 2049, 2048, 2048, 2049, 2048, 2048, 2048, 2048, 2048, 2049]","[2048, 2048, 2048, 2048, 2049, 2048, 2048]",319.0,1:34.274
1257,10009,14,6,2025-04-12T12:59:03.281000+00:00,36.542,45.225,24.391,218.0,209.0,False,106.158,"[2048, 2048, 2048, 2048, 2048, 2048, 2048, 2048, 2048, 2048]","[2048, 2048, 2048, 2048, 2048, 2048, 2048, 2048, 2048, 2048, 2048]","[2048, 2048, 2048, 2048, 2048, 2048, 2048]",151.0,1:46.158
1257,10009,14,7,2025-04-12T13:00:49.313000+00:00,47.501,72.36,29.637,140.0,102.0,False,149.498,"[None, 2048, 2048, 2048, 2048, 2048, 2048, 2048, 2048, 2048]","[2048, 2048, 2048, 2048, 2048, 2048, 2048, 2048, 2048, 2048, 2048]","[2048, 2048, 2048, 2048, 2048, 2048, 2048]",131.0,2:29.498
1257,10009,14,8,2025-04-12T13:03:18.874000+00:00,31.095,41.824,23.955,238.0,254.0,False,96.874,"[None, 2048, 2048, 2048, 2048, 2048, 2048, 2048, 2048, 2048]","[2048, 2048, 2048, 2048, 2048, 2048, 2048, 2048, 2048, 2048, 2048]","[2048, 2049, 2048, 2048, 2048, 2048, 2048]",292.0,1:36.874
1257,10009,14,9,2025-04-12T13:04:55.782000+00:00,32.182,43.461,30.029,223.0,242.0,False,105.672,"[None, 2048, 2048, 2048, 2048, 2048, 2048, 2048, 2048, 2048]","[2048, 2048, 2048, 2048, 2048, 2048, 2048, 2048, 2048, 2048, 2048]","[2048, 2048, 2048, 2048, 2048, 2048, 2064]",291.0,1:45.672
1257,10009,14,10,2025-04-12T13:13:17.068000+00:00,,61.26,29.252,153.0,166.0,True,,"[2064, 2064, 2064, 2048, 2048, 2048, 2048, 2048, 2048, 2048]","[2048, 2048, 2048, 2048, 2048, 2048, 2048, 2048, 2048, 2048, 2048]","[2048, 2048, 2048, 2048, 2048, 2049, 2048]",155.0,N/A
1257,10009,14,11,2025-04-12T13:15:27.944000+00:00,29.648,40.576,23.637,240.0,266.0,False,93.861,"[2048, 2048, 2048, 2049, 2048, 2048, 2049, 2049, 2049, 2048]","[2049, 2051, 2048, 2048, 2048, 2051, 2049, 2049, 2048, 2049, 2048]","[2049, 2048, 2049, 2049, 2049, 2048, 2048]",316.0,1:33.861
1257,10009,14,12,2025-04-12T13:17:01.655000+00:00,45.638,63.933,36.781,165.0,159.0,False,146.352,"[None, 2048, 2048, 2048, 2048, 2048, 2048, 2048, 2048, 2048]","[2048, 2048, 2048, 2048, 2048, 2048, 2048, 2048, 2048, 2048, 2048]","[2048, 2048, 2048, 2048, 2048, 2048, 2064]",194.0,2:26.352
1257,10009,14,13,2025-04-12T13:19:55.826000+00:00,68.234,61.001,30.011,182.0,128.0,True,159.246,"[2064, 2064, 2064, 2048, 2048, 2048, 2048, 2048, 2048, 2048]","[2048, 2048, 2048, 2048, 2048, 2048, 2048, 2048, 2048, 2048, 2048]","[2048, 2048, 2048, 2048, 2048, 2048, 2048]",137.0,2:39.246
1257,10009,14,14,2025-04-12T13:22:07.341000+00:00,29.74,40.251,23.557,241.0,270.0,False,93.548,"[2048, 2048, 2048, 2048, 2048, 2048, 2049, 2049, 2048, 2049]","[2049, 2048, 2049, 2049, 2049, 2048, 2048, 2049, 2049, 2049, 2049]","[2048, 2048, 2048, 2048, 2049, 2048, 2048]",315.0,1:33.548
1257,10009,14,15,2025-04-12T13:23:40.844000+00:00,33.674,45.461,29.92,214.0,213.0,False,109.055,"[None, 2048, 2048, 2048, 2048, 2048, 2048, 2048, 2048, 2048]","[2048, 2048, 2048, 2048, 2048, 2048, 2048, 2048, 2048, 2048, 2048]","[2048, 2048, 2048, 2048, 2048, 2048, 2064]",263.0,1:49.055
1257,10009,14,16,2025-04-12T13:28:46.141000+00:00,,46.944,26.025,192.0,190.0,True,,"[2064, 2064, 2064, 2048, 2048, 2048, 2048, 2048, 2048, 2048]","[2048, 2048, 2048, 2048, 2048, 2048, 2048, 2048, 2048, 2048, 2048]","[2048, 2048, 2048, 2048, 2048, 2048, 2048]",142.0,N/A
1257,10009,14,17,2025-04-12T13:30:49.906000+00:00,36.709,47.821,32.902,187.0,171.0,False,117.432,"[2048, 2048, 2048, 2048, 2048, 2048, 2048, 2048, 2048, 2048]","[2048, 2048, 2048, 2048, 2048, 2048, 2048, 2048, 2048, 2048, 2048]","[2048, 2048, 2048, 2048, 2048, 2048, 0]",170.0,1:57.432
1257,10009,14,18,2025-04-12T13:32:47.381000+00:00,71.505,42.763,34.749,237.0,236.0,False,149.017,"[None, 2048, 2048, 2048, 2048, 2048, 2048, 2048, 2048, 2048]","[2048, 2048, 2048, 2048, 2048, 2048, 2048, 2048, 2048, 2048, 2048]","[2048, 2048, 2048, 2048, 2048, 2048, 2064]",261.0,2:29.017
1257,10009,16,1,2025-04-12T12:39:44.634000+00:00,,66.223,29.296,146.0,163.0,True,,"[2064, 2064, 2064, 2049, 2049, 2049, 2049, 2049, 2049, 2049]","[2049, 2049, 2049, 2049, 2049, 2049, 2049, 2049, 2049, 2049, 2049]","[2049, 2049, 2049, 2049, 2049, 2049, 2049]",152.0,N/A
1257,10009,16,2,2025-04-12T12:42:01.185000+00:00,30.129,41.211,23.563,238.0,265.0,False,94.903,"[2049, 2049, 2051, 2051, 2051, 2049, 2049, 2049, 2049, 2051]","[2051, 2051, 2049, 2049, 2049, 2049, 2049, 2049, 2049, 2049, 2049]","[2049, 2049, 2051, 2051, 2051, 2048, 0]",317.0,1:34.903
1257,10009,16,3,2025-04-12T12:43:35.980000+00:00,47.081,60.345,35.215,160.0,158.0,False,142.641,"[2048, 2048, 2048, 2048, 2048, 2048, 2048, 2048, 2048, 2048]","[2048, 2048, 2048, 2048, 2048, 2048, 2048, 2048, 2048, 2048, 2048]","[2048, 2048, 2048, 2048, 2048, 2048, 2064]",142.0,2:22.641
1257,10009,16,4,2025-04-12T12:50:40.632000+00:00,,59.541,27.287,138.0,189.0,True,,"[2064, 2064, 2064, 2048, 2048, 2048, 2048, 2048, 2048, 2048]","[2048, 2048, 2048, 2048, 2048, 2048, 2048, 2048, 2048, 2048, 2048]","[2048, 2048, 2048, 2048, 2048, 2049, 2048]",90.0,N/A
1257,10009,16,5,2025-04-12T12:53:02.141000+00:00,30.098,40.996,23.441,238.0,264.0,False,94.535,"[2049, 2049, 2049, 2048, 2048, 2049, 2049, 2049, 2048, 2049]","[2048, 2048, 2049, 2048, 2049, 2049, 2049, 2048, 2049, 2049, 2049]","[2048, 2051, 2051, 2051, 2048, 2049, 0]",317.0,1:34.535
1257,10009,16,6,2025-04-12T12:54:36.565000+00:00,53.214,71.388,37.166,106.0,140.0,False,161.768,"[2051, 2048, 2048, 2048, 2048, 2048, 2048, 2048, 2048, 2048]","[2048, 2048, 2048, 2048, 2048, 2048, 2048, 2048, 2048, 2048, 2048]","[2048, 2048, 2048, 2048, 2048, 2048, 2064]",193.0,2:41.768
1257,10009,16,7,2025-04-12T12:57:55.373000+00:00,94.099,62.399,25.891,157.0,204.0,True,182.389,"[2064, 2064, 2064, 2048, 2048, 2048, 2048, 2048, 2048, 2048]","[2048, 2048, 2048, 2048, 2048, 2048, 2048, 2048, 2048, 2048, 2048]","[2048, 2048, 2048, 2048, 2048, 2051, 2048]",180.0,3:02.389
1257,10009,16,8,2025-04-12T13:00:20.949000+00:00,30.228,,43.171,170.0,84.0,False,,"[2049, 2049, 2049, 2048, 2048, 2048, 2049, 2049, 2048, 2048]","[2048, 2048, 2048, 2048, 2048, 2048, 2048, 2048, 2048, 2048, 2048]","[2048, 2048, 2048, 2048, 2048, 2048, 2048]",318.0,N/A
1257,10009,16,9,2025-04-12T13:03:15.058000+00:00,30.006,40.793,23.459,238.0,272.0,False,94.258,"[2048, 2048, 2048, 2049, 2048, 2049, 2049, 2048, 2049, 2048]","[2048, 2048, 2049, 2051, 2049, 2049, 2051, 2049, 2048, 2048, 2049]","[2048, 2048, 2048, 2048, 2049, 2048, 0]",,1:34.258
1257,10009,16,10,2025-04-12T13:04:49.173000+00:00,49.575,55.959,26.127,90.0,185.0,False,131.661,"[None, 2048, 2048, 2048, 2048, 2048, 2048, 2048, 2048, 2048]","[2048, 2048, 2048, 2048, 2048, 2048, 2048, 2048, 2048, 2048, 2048]","[2048, 2048, 2048, 2048, 2048, 2048, 2048]",249.0,2:11.661
1257,10009,16,11,2025-04-12T13:07:00.906000+00:00,30.659,41.631,23.872,237.0,250.0,False,96.162,"[None, 2048, 2048, 2048, 2048, 2048, 2048, 2048, 2048, 2048]","[2048, 2048, 2048, 2048, 2048, 2048, 2048, 2048, 2048, 2048, 2048]","[2048, 2048, 2048, 2048, 2048, 2048, 2048]",296.0,1:36.162
1257,10009,16,12,2025-04-12T13:08:37.064000+00:00,31.025,42.314,29.088,233.0,258.0,False,102.427,"[None, 2048, 2048, 2048, 2048, 2048, 2048, 2048, 2048, 2048]","[2048, 2048, 2048, 2048, 2048, 2048, 2048, 2048, 2048, 2048, 2048]","[2048, 2048, 2048, 2048, 2048, 2048, 2064]",293.0,1:42.427
1257,10009,16,13,2025-04-12T13:20:26.250000+00:00,,65.521,28.04,155.0,151.0,True,,"[2064, 2064, 2064, 2048, 2048, 2048, 2048, 2048, 2048, 2048]","[2048, 2048, 2048, 2048, 2048, 2048, 2048, 2048, 2048, 2048, 2048]","[2048, 2048, 2048, 2048, 2048, 0, 0]",74.0,N/A
1257,10009,16,14,2025-04-12T13:22:51.301000+00:00,29.393,39.995,23.092,241.0,270.0,False,92.48,"[2048, 2048, 2048, 2049, 2049, 2049, 2049, 2049, 2049, 2049]","[2049, 2049, 2049, 2049, 2048, 2049, 2049, 2048, 2049, 2049, 2049]","[2049, 2049, 2048, 2049, 2051, 2048, 2048]",317.0,1:32.480
1257,10009,16,15,2025-04-12T13:24:23.595000+00:00,51.961,74.883,39.913,105.0,134.0,False,166.757,"[2049, 2048, 2048, 2048, 2048, 2048, 2048, 2048, 2048, 2048]","[2048, 2048, 2048, 2048, 2048, 2048, 2048, 2048, 2048, 2048, 2048]","[2048, 2048, 2048, 2048, 2048, 2048, 2064]",195.0,2:46.757
1257,10009,16,16,2025-04-12T13:27:34.220000+00:00,72.081,51.354,36.848,110.0,125.0,True,160.283,"[2064, 2064, 2064, 2048, 2048, 2048, 2048, 2048, 2048, 2048]","[2048, 2048, 2048, 2048, 2048, 2048, 2048, 2048, 2048, 2048, 2048]","[2048, 2048, 2048, 2048, 2048, 2048, 2048]",115.0,2:40.283
1257,10009,16,17,2025-04-12T13:29:50.761000+00:00,29.475,41.161,23.212,240.0,257.0,False,93.848,"[2048, 2048, 2048, 2049, 2049, 2048, 2048, 2048, 2048, 2048]","[2048, 2048, 2048, 2048, 2048, 2048, 2048, 2048, 2048, 2048, 2048]","[2049, 2048, 2048, 2048, 2048, 2048, 2048]",318.0,1:33.848
1257,10009,16,18,2025-04-12T13:31:24.601000+00:00,30.294,49.307,37.168,236.0,131.0,False,116.769,"[None, 2048, 2048, 2048, 2048, 2048, 2048, 2048, 2048, 2048]","[2048, 2048, 2048, 2048, 2048, 2048, 2048, 2048, 2048, 2048, 2048]","[2048, 2048, 2048, 2048, 2048, 2048, 2048]",294.0,1:56.769
1257,10009,16,19,2025-04-12T13:33:21.387000+00:00,56.938,45.444,30.496,201.0,196.0,False,132.878,"[None, 2048, 2048, 2048, 2048, 2048, 2048, 2048, 2048, 2048]","[2048, 2048, 2048, 2048, 2048, 2048, 2048, 2048, 2048, 2048, 2048]","[2048, 2048, 2048, 2048, 2048, 2048, 2064]",263.0,2:12.878
1257,10009,18,1,2025-04-12T12:48:29.120000+00:00,,64.446,28.723,157.0,122.0,True,,"[2064, 2064, 2064, 2049, 2049, 2049, 2049, 2049, 2049, 2049]","[2049, 2049, 2049, 2049, 2049, 2049, 2049, 2049, 2049, 2049, 2049]","[2049, 2049, 2049, 2049, 2049, 2049, 2049]",164.0,N/A
1257,10009,18,2,2025-04-12T12:50:38.629000+00:00,30.141,40.871,24.501,240.0,270.0,False,95.513,"[2049, 2049, 2049, 2049, 2049, 2049, 2049, 2049, 2049, 2049]","[2049, 2049, 2049, 2049, 2049, 2051, 2049, 2049, 2049, 2051, 2051]","[2049, 2051, 2051, 2049, 2049, 2048, 2048]",316.0,1:35.513
1257,10009,18,3,2025-04-12T12:52:14.120000+00:00,50.463,64.775,37.777,112.0,144.0,False,153.015,"[2048, 2048, 2048, 2048, 2048, 2048, 2048, 2048, 2048, 2048]","[2048, 2048, 2048, 2048, 2048, 2048, 2048, 2048, 2048, 2048, 2048]","[2048, 2048, 2048, 2048, 2048, 2048, 2064]",137.0,2:33.015
1257,10009,18,4,2025-04-12T12:55:15.338000+00:00,74.085,68.463,28.073,119.0,139.0,True,170.621,"[2064, 2064, 2064, 2048, 2048, 2048, 2048, 2048, 2048, 2048]","[2048, 2048, 2048, 2048, 2048, 2048, 2048, 2048, 2048, 2048, 2048]","[2048, 2048, 2048, 2048, 2048, 2049, 2049]",139.0,2:50.621
1257,10009,18,5,2025-04-12T12:57:37.847000+00:00,29.987,41.473,23.858,238.0,269.0,False,95.318,"[2049, 2049, 2049, 2049, 2049, 2049, 2049, 2049, 2048, 2048]","[2048, 2049, 2048, 2048, 2048, 2048, 2048, 2049, 2048, 2048, 2048]","[2048, 2048, 2048, 2048, 2049, 2048, 0]",318.0,1:35.318
1257,10009,18,6,2025-04-12T12:59:13.056000+00:00,50.4,96.305,35.315,99.0,123.0,False,182.02,"[2048, 2048, 2048, 2048, 2048, 2048, 2048, 2048, 2048, 2048]","[2048, 2048, 2048, 2048, 2048, 2048, 2048, 2048, 2048, 2048, 2048]","[2048, 2048, 2048, 2048, 2048, 2048, 2048]",139.0,3:02.020
1257,10009,18,7,2025-04-12T13:02:15.219000+00:00,47.269,61.27,32.624,134.0,120.0,False,141.163,"[None, 2048, 2048, 2048, 2048, 2048, 2048, 2048, 2048, 2048]","[2048, 2048, 2048, 2048, 2048, 2048, 2048, 2048, 2048, 2048, 2048]","[2048, 2048, 2048, 2048, 2048, 2048, 2048]",155.0,2:21.163
1257,10009,18,8,2025-04-12T13:04:36.406000+00:00,30.255,41.212,23.81,239.0,264.0,False,95.277,"[None, 2048, 2048, 2048, 2049, 2048, 2048, 2048, 2048, 2048]","[2048, 2048, 2048, 2048, 2048, 2048, 2048, 2048, 2048, 2048, 2048]","[2048, 2048, 2048, 2048, 2049, 2048, 2048]",312.0,1:35.277
1257,10009,18,9,2025-04-12T13:06:11.548000+00:00,38.042,54.865,31.598,156.0,157.0,False,124.505,"[None, 2048, 2048, 2048, 2048, 2048, 2048, 2048, 2048, 2048]","[2048, 2048, 2048, 2048, 2048, 2048, 2048, 2048, 2048, 2048, 2048]","[2048, 2048, 2048, 2048, 2048, 2048, 2064]",207.0,2:04.505
1257,10009,18,10,2025-04-12T13:16:56.404000+00:00,,66.456,40.903,138.0,129.0,True,,"[2064, 2064, 2064, 2048, 2048, 2048, 2048, 2048, 2048, 2048]","[2048, 2048, 2048, 2048, 2048, 2048, 2048, 2048, 2048, 2048, 2048]","[2048, 2048, 2048, 2048, 2048, 2048, 2048]",60.0,N/A
1257,10009,18,11,2025-04-12T13:19:40.737000+00:00,29.773,40.506,31.549,238.0,270.0,False,101.828,"[2048, 2048, 2048, 2049, 2049, 2049, 2049, 2049, 2049, 2048]","[2049, 2049, 2048, 2049, 2049, 2049, 2049, 2049, 2049, 2048, 2048]","[2049, 2048, 2048, 2049, 2048, 2048, 2064]",314.0,1:41.828
1257,10009,18,12,2025-04-12T13:25:15.987000+00:00,,78.996,45.952,116.0,111.0,True,,"[2064, 2064, 2064, 2048, 2048, 2048, 2048, 2048, 2048, 2048]","[2048, 2048, 2048, 2048, 2048, 2048, 2048, 2048, 2048, 2048, 2048]","[2048, 2048, 2048, 2048, 2048, 2048, 2048]",142.0,N/A
1257,10009,18,13,2025-04-12T13:28:04.265000+00:00,29.88,40.797,23.686,241.0,266.0,False,94.363,"[2048, 2048, 2048, 2049, 2048, 2048, 2048, 2048, 2048, 2049]","[2049, 2048, 2048, 2048, 2048, 2048, 2048, 2048, 2048, 2048, 2048]","[2048, 2048, 2048, 2048, 2049, 2048, 2048]",311.0,1:34.363
1257,10009,18,14,2025-04-12T13:29:38.641000+00:00,38.382,63.29,28.55,147.0,149.0,False,130.222,"[None, 2048, 2048, 2048, 2048, 2048, 2048, 2048, 2048, 2048]","[0, 0, 2048, 2048, 2048, 2048, 2048, 2048, 2048, 2048, 2048]","[2048, 2048, 2048, 2048, 2048, 2048, 2048]",209.0,2:10.222
1257,10009,18,15,2025-04-12T13:31:48.876000+00:00,40.102,58.838,40.816,130.0,178.0,False,139.756,"[None, 2048, 2048, 2048, 2048, 2048, 2048, 2048, 2048, 2048]","[2048, 2048, 2048, 2048, 2048, 2048, 2048, 2048, 2048, 2048, 2048]","[2048, 2048, 2048, 2048, 2048, 2048, 2048]",314.0,2:19.756
1257,10009,18,16,2025-04-12T13:34:08.701000+00:00,56.524,51.312,,154.0,149.0,False,,"[None, 2048, 2048, 2048, 2048, 2048, 2048, 2048, 2048, 2048]","[2048, 2048, 2048, 2048, 2048, 2048, 2048, 2048, 2048, 2048, 2048]","[0, 0, 0, 0, 0, 0, 0]",229.0,N/A
1257,10009,22,1,2025-04-12T12:44:47.599000+00:00,,60.614,28.687,136.0,187.0,True,,"[2064, 2064, 2064, 2049, 2049, 2049, 2049, 2049, 2049, 2049]","[2049, 2049, 2049, 2049, 2049, 2049, 2049, 2049, 2049, 2049, 2049]","[2049, 2049, 2049, 2049, 2049, 2049, 2049]",102.0,N/A
1257,10009,22,2,2025-04-12T12:47:00.994000+00:00,30.455,41.555,23.774,234.0,269.0,False,95.784,"[2049, 2049, 2049, 2049, 2049, 2049, 2049, 2049, 2049, 2049]","[2049, 2049, 2049, 2049, 2049, 2049, 2049, 2049, 2049, 2049, 2051]","[2051, 2049, 2049, 2049, 2049, 2048, 0]",314.0,1:35.784
1257,10009,22,3,2025-04-12T12:48:36.652000+00:00,54.217,75.534,43.149,103.0,122.0,False,172.9,"[2048, 2048, 2048, 2048, 2048, 2048, 2048, 2048, 2048, 2048]","[2048, 2048, 2048, 2048, 2048, 2048, 2048, 2048, 2048, 2048, 2048]","[2048, 2048, 2048, 2048, 2048, 2048, 2064]",176.0,2:52.900
1257,10009,22,4,2025-04-12T12:51:57.923000+00:00,75.363,62.018,25.444,115.0,219.0,True,162.825,"[2064, 2064, 2064, 2048, 2048, 2048, 2048, 2048, 2048, 2048]","[2048, 2048, 2048, 2048, 2048, 2048, 2048, 2048, 2048, 2048, 2048]","[2048, 2048, 2048, 2048, 2048, 2049, 2049]",96.0,2:42.825
1257,10009,22,5,2025-04-12T12:54:12.574000+00:00,30.206,41.248,23.511,237.0,272.0,False,94.965,"[2049, 2049, 2049, 2049, 2049, 2049, 2048, 2049, 2049, 2049]","[2049, 2049, 2048, 2049, 2049, 2049, 2049, 2049, 2049, 2049, 2051]","[2049, 2051, 2049, 2049, 2049, 2048, 0]",316.0,1:34.965
1257,10009,22,6,2025-04-12T12:55:47.343000+00:00,41.692,59.832,34.118,164.0,167.0,False,135.642,"[2048, 2048, 2048, 2048, 2048, 2048, 2048, 2048, 2048, 2048]","[2048, 2048, 2048, 2048, 2048, 2048, 2048, 2048, 2048, 2048, 2048]","[2048, 2048, 2048, 2048, 2048, 2048, 2064]",207.0,2:15.642
1257,10009,22,7,2025-04-12T12:58:20.254000+00:00,60.145,55.885,31.827,137.0,164.0,True,147.857,"[2064, 2064, 2064, 2048, 2048, 2048, 2048, 2048, 2048, 2048]","[2048, 2048, 2048, 2048, 2048, 2048, 2048, 2048, 2048, 2048, 2048]","[2048, 2048, 2048, 2048, 2048, 2048, 2064]",109.0,2:27.857
1257,10009,22,8,2025-04-12T13:13:05.476000+00:00,,57.624,26.038,129.0,196.0,True,,"[None, 2064, 2064, 2048, 2048, 2048, 2048, 2048, 2048, 2048]","[2048, 2048, 2048, 2048, 2048, 2048, 2048, 2048, 2048, 2048, 2048]","[2048, 2048, 2048, 2048, 2048, 2049, 2048]",109.0,N/A
1257,10009,22,9,2025-04-12T13:15:14.352000+00:00,37.486,74.909,38.648,121.0,120.0,False,151.043,"[2048, 2048, 2048, 2049, 2049, 2048, 2048, 2048, 2048, 2048]","[2048, 2048, 2048, 2048, 2048, 2048, 2048, 2048, 2048, 2048, 2048]","[2048, 2048, 2048, 2048, 2048, 2048, 2049]",315.0,2:31.043
1257,10009,22,10,2025-04-12T13:17:45.296000+00:00,53.7,60.487,35.718,90.0,187.0,False,149.905,"[2049, 2049, 2049, 2049, 2048, 2048, 2048, 2048, 2048, 2048]","[2048, 2048, 2048, 2048, 2048, 2048, 2048, 2048, 2048, 2048, 2048]","[2048, 2048, 2048, 2048, 2048, 2048, 2064]",,2:29.905
1257,10009,22,11,2025-04-12T13:25:44.605000+00:00,,56.026,26.214,139.0,202.0,True,,"[2064, 2064, 2064, 2048, 2048, 2048, 2048, 2048, 2048, 2048]","[2048, 2048, 2048, 2048, 2048, 2048, 2048, 2048, 2048, 2048, 2048]","[2048, 2048, 2048, 2048, 2048, 2048, 2048]",113.0,N/A
1257,10009,22,12,2025-04-12T13:27:50.493000+00:00,30.369,41.282,23.62,234.0,270.0,False,95.271,"[2048, 2048, 2048, 2048, 2048, 2048, 2048, 2048, 2048, 2048]","[2048, 2048, 2049, 2048, 2049, 2048, 2048, 2049, 2049, 2048, 2048]","[2048, 2048, 2048, 2048, 2048, 2048, 2048]",312.0,1:35.271
1257,10009,22,13,2025-04-12T13:29:25.725000+00:00,46.111,56.369,28.059,76.0,190.0,False,130.539,"[None, 2048, 2048, 2048, 2048, 2048, 2048, 2048, 2048, 2048]","[2048, 2048, 2048, 2048, 2048, 2048, 2048, 2048, 2048, 2048, 2048]","[2048, 2048, 2048, 2048, 2048, 2048, 2048]",223.0,2:10.539
1257,10009,22,14,2025-04-12T13:31:36.365000+00:00,40.657,49.418,36.907,167.0,172.0,False,126.982,"[None, 2048, 2048, 2048, 2048, 2048, 2048, 2048, 2048, 2048]","[2048, 2048, 2048, 2048, 2048, 2048, 2048, 2048, 2048, 2048, 2048]","[2048, 2048, 2048, 2048, 2048, 2048, 2048]",162.0,2:06.982
1257,10009,22,15,2025-04-12T13:33:43.462000+00:00,66.341,46.342,31.5,192.0,195.0,False,144.183,"[None, 2048, 2048, 2048, 2048, 2048, 2048, 2048, 2048, 2048]","[2048, 2048, 2048, 2048, 2048, 2048, 2048, 2048, 2048, 2048, 2048]","[2048, 2048, 2048, 2048, 2048, 2048, 2064]",264.0,2:24.183
1257,10009,23,1,2025-04-12T12:51:14.536000+00:00,,49.453,29.326,207.0,232.0,True,,"[2064, 2064, 2064, 2049, 2049, 2049, 2049, 2049, 2049, 2049]","[2049, 2049, 2049, 2049, 2049, 2049, 2049, 2049, 2049, 2049, 2049]","[2049, 2049, 2049, 2049, 2049, 2049, 2049]",132.0,N/A
1257,10009,23,2,2025-04-12T12:53:10.224000+00:00,30.377,41.717,23.873,234.0,266.0,False,95.967,"[2049, 2049, 2049, 2049, 2049, 2049, 2049, 2049, 2049, 2049]","[2049, 2049, 2049, 2049, 2049, 2049, 2049, 2049, 2049, 2049, 2049]","[2049, 2049, 2049, 2049, 2049, 2048, 2049]",314.0,1:35.967
1257,10009,23,3,2025-04-12T12:54:46.003000+00:00,51.73,66.901,35.968,75.0,145.0,False,154.599,"[2048, 2048, 2048, 2048, 2048, 2048, 2048, 2048, 2048, 2048]","[2048, 2048, 2048, 2048, 2048, 2048, 2048, 2048, 2048, 2048, 2048]","[2048, 2048, 2048, 2048, 2048, 2048, 2064]",126.0,2:34.599
1257,10009,23,4,2025-04-12T12:57:48.583000+00:00,70.566,64.307,36.405,140.0,111.0,True,171.278,"[2064, 2064, 2064, 2048, 2048, 2048, 2048, 2048, 2048, 2048]","[2048, 2048, 2048, 2048, 2048, 2048, 2048, 2048, 2048, 2048, 2048]","[2048, 2048, 2048, 2048, 2048, 2048, 2049]",110.0,2:51.278
1257,10009,23,5,2025-04-12T13:00:11.868000+00:00,30.316,73.305,52.378,235.0,89.0,False,155.999,"[2048, 2049, 2048, 2048, 2048, 2049, 2049, 2049, 2049, 2049]","[2049, 2048, 2048, 2048, 2048, 2048, 2048, 2048, 2048, 2048, 2048]","[2048, 2048, 2048, 2048, 2048, 2048, 2064]",313.0,2:35.999
1257,10009,23,6,2025-04-12T13:03:05.026000+00:00,57.871,49.526,33.055,170.0,244.0,True,140.452,"[2064, 2064, 2064, 2048, 2048, 2048, 2048, 2048, 2048, 2048]","[2048, 2048, 2048, 2048, 2048, 2048, 2048, 2048, 2048, 2048, 2048]","[2048, 2048, 2048, 2048, 2048, 2049, 2049]",106.0,2:20.452
1257,10009,23,7,2025-04-12T13:05:08.355000+00:00,30.059,41.454,23.597,237.0,265.0,False,95.11,"[2049, 2049, 2049, 2051, 2048, 2049, 2049, 2049, 2049, 2048]","[2048, 2048, 2049, 2049, 2049, 2049, 2049, 2049, 2048, 2048, 2049]","[2049, 2051, 2049, 2049, 2049, 2048, 2048]",316.0,1:35.110
1257,10009,23,8,2025-04-12T13:06:43.434000+00:00,37.012,44.619,27.322,204.0,216.0,False,108.953,"[2048, 2048, 2048, 2048, 2048, 2048, 2048, 2048, 2048, 2048]","[2048, 2048, 2048, 2048, 2048, 2048, 2048, 2048, 2049, 2048, 2048]","[2048, 2048, 2048, 2048, 2048, 2048, 2064]",253.0,1:48.953
1257,10009,23,9,2025-04-12T13:14:26.204000+00:00,,48.135,24.852,165.0,218.0,True,,"[2064, 2064, 2064, 2048, 2048, 2048, 2048, 2048, 2048, 2048]","[2048, 2048, 2048, 2048, 2048, 2048, 2048, 2048, 2048, 2048, 2048]","[2048, 2048, 2048, 2048, 2049, 2049, 2048]",104.0,N/A
1257,10009,23,10,2025-04-12T13:16:20.944000+00:00,29.546,40.747,23.561,238.0,266.0,False,93.854,"[2048, 2048, 2048, 2051, 2049, 2049, 2048, 2048, 2049, 2049]","[2049, 2049, 2049, 2049, 2049, 2049, 2049, 2049, 2049, 2049, 2049]","[2049, 2048, 2048, 2048, 2049, 2048, 0]",316.0,1:33.854
1257,10009,23,11,2025-04-12T13:17:54.702000+00:00,59.523,75.245,39.745,71.0,121.0,False,174.513,"[None, 2048, 2048, 2048, 2048, 2048, 2048, 2048, 2048, 2048]","[2048, 2048, 2048, 2048, 2048, 2048, 2048, 2048, 2048, 2048, 2048]","[2048, 2048, 2048, 2048, 2048, 2048, 2064]",95.0,2:54.513
1257,10009,23,12,2025-04-12T13:25:25.668000+00:00,,49.513,25.624,159.0,209.0,True,,"[2064, 2064, 2064, 2048, 2048, 2048, 2048, 2048, 2048, 2048]","[2048, 2048, 2048, 2048, 2048, 2048, 2048, 2048, 2048, 2048, 2048]","[2048, 2048, 2048, 2048, 2048, 2049, 2048]",123.0,N/A
1257,10009,23,13,2025-04-12T13:27:20.918000+00:00,29.748,59.357,28.67,238.0,131.0,False,117.775,"[2048, 2048, 2048, 2048, 2048, 2048, 2048, 2048, 2049, 2049]","[2049, 2049, 2049, 2049, 2048, 2048, 2048, 2048, 2048, 2048, 2048]","[2048, 2048, 2048, 2048, 2048, 2049, 2048]",311.0,1:57.775
1257,10009,23,14,2025-04-12T13:29:18.662000+00:00,29.698,40.61,23.445,,265.0,False,93.753,"[None, 2048, 2048, 2048, 2048, 2048, 2048, 2048, 2048, 2048]","[2048, 2048, 2048, 2049, 2049, 2049, 2049, 2048, 2049, 2048, 2048]","[2049, 2048, 2048, 2048, 2049, 2048, 2048]",315.0,1:33.753
1257,10009,23,15,2025-04-12T13:30:52.459000+00:00,45.691,65.312,41.527,118.0,123.0,False,152.53,"[None, 2048, 2048, 2048, 2048, 2048, 2048, 2048, 2048, 2048]","[2048, 2048, 2048, 2048, 2048, 2048, 2048, 2048, 2048, 2048, 2048]","[2048, 2048, 2048, 2048, 2048, 2048, 2048]",178.0,2:32.530
1257,10009,23,16,2025-04-12T13:33:25.015000+00:00,57.877,44.469,33.805,235.0,161.0,False,136.151,"[None, 2048, 2048, 2048, 2048, 2048, 2048, 2048, 2048, 2048]","[2048, 2048, 2048, 2048, 2048, 2048, 2048, 2048, 2048, 2048, 2048]","[2048, 2048, 2048, 2048, 2048, 2048, 2064]",264.0,2:16.151
1257,10009,27,1,2025-04-12T12:46:14.860000+00:00,,57.485,29.64,196.0,169.0,True,,"[2064, 2064, 2064, 2049, 2049, 2049, 2049, 2049, 2049, 2049]","[2049, 2049, 2049, 2049, 2049, 2049, 2049, 2049, 2049, 2049, 2049]","[2049, 2049, 2049, 2049, 2049, 2049, 2049]",150.0,N/A
1257,10009,27,2,2025-04-12T12:48:19.936000+00:00,30.126,41.033,23.718,240.0,268.0,False,94.877,"[2049, 2049, 2049, 2049, 2049, 2049, 2049, 2049, 2049, 2051]","[2049, 2049, 2049, 2049, 2049, 2049, 2049, 2049, 2049, 2049, 2049]","[2049, 2049, 2049, 2049, 2049, 2049, 2049]",317.0,1:34.877
1257,10009,27,3,2025-04-12T12:49:54.798000+00:00,42.334,59.129,37.012,141.0,158.0,False,138.475,"[2048, 2048, 2048, 2048, 2048, 2048, 2048, 2048, 2048, 2048]","[2048, 2048, 2048, 2048, 2048, 2048, 2048, 2048, 2048, 2048, 2048]","[2048, 2048, 2048, 2048, 2048, 2048, 2064]",197.0,2:18.475
1257,10009,27,4,2025-04-12T12:52:32.173000+00:00,80.907,69.071,35.292,82.0,141.0,True,185.27,"[2064, 2064, 2064, 2048, 2048, 2048, 2048, 2048, 2048, 2048]","[2048, 2048, 2048, 2048, 2048, 2048, 2048, 2048, 2048, 2048, 2048]","[2048, 2048, 2048, 2048, 2048, 2048, 2048]",149.0,3:05.270
1257,10009,27,5,2025-04-12T12:55:18.541000+00:00,30.032,40.946,23.658,238.0,271.0,False,94.636,"[2049, 2049, 2049, 2048, 2049, 2048, 2048, 2048, 2049, 2048]","[2048, 2048, 2049, 2048, 2048, 2048, 2049, 2049, 2049, 2049, 2049]","[2048, 2049, 2049, 2049, 2048, 2049, 0]",317.0,1:34.636
1257,10009,27,6,2025-04-12T12:56:53.076000+00:00,35.869,45.893,28.131,174.0,232.0,False,109.893,"[2048, 2048, 2048, 2048, 2048, 2048, 2048, 2048, 2048, 2048]","[2048, 2048, 2048, 2048, 2048, 2048, 2048, 2048, 2048, 2048, 2048]","[2048, 2048, 2048, 2048, 2048, 2048, 2064]",279.0,1:49.893
1257,10009,27,7,2025-04-12T12:59:08.255000+00:00,71.092,,,75.0,,True,,"[2064, 2064, 2064, 2048, 2048, 2048, 2048, 2048, 2048, 2048]","[0, 0, 0, 0, 0, 0, 0, 0, 0, 0, 0]","[0, 0, 0, 0, 0, 0, 0]",209.0,N/A
1257,10009,30,1,2025-04-12T12:53:43.773000+00:00,,60.575,29.729,154.0,105.0,True,,"[2064, 2064, 2064, 2049, 2049, 2049, 2049, 2049, 2049, 2049]","[2049, 2049, 2049, 2049, 2049, 2049, 2049, 2049, 2049, 2049, 2049]","[2049, 2049, 2049, 2049, 2049, 2049, 2049]",132.0,N/A
1257,10009,30,2,2025-04-12T12:55:53.210000+00:00,29.964,41.069,23.871,235.0,269.0,False,94.904,"[2049, 2049, 2049, 2049, 2049, 2049, 2049, 2049, 2049, 2049]","[2049, 2049, 2049, 2049, 2049, 2049, 2049, 2049, 2049, 2049, 2049]","[2049, 2049, 2049, 2049, 2049, 2049, 0]",319.0,1:34.904
1257,10009,30,3,2025-04-12T12:57:27.953000+00:00,44.683,58.198,35.676,154.0,168.0,False,138.557,"[2048, 2048, 2048, 2048, 2048, 2048, 2048, 2048, 2048, 2048]","[2048, 2048, 2048, 2048, 2048, 2048, 2048, 2048, 2048, 2048, 2048]","[2048, 2048, 2048, 2048, 2048, 2048, 2064]",168.0,2:18.557
1257,10009,30,4,2025-04-12T13:03:34.785000+00:00,,61.297,32.401,162.0,171.0,True,,"[2064, 2064, 2064, 2048, 2048, 2048, 2048, 2048, 2048, 2048]","[2048, 2048, 2048, 2048, 2048, 2048, 2048, 2048, 2048, 2048, 2048]","[2048, 2048, 2048, 2048, 2048, 2048, 2048]",113.0,N/A
1257,10009,30,5,2025-04-12T13:05:55.769000+00:00,30.065,40.984,23.598,237.0,272.0,False,94.647,"[2049, 2049, 2049, 2049, 2048, 2048, 2051, 2051, 2048, 2048]","[2048, 2048, 2049, 2049, 2048, 2049, 2049, 2049, 2049, 2049, 2049]","[2049, 2049, 2049, 2049, 2049, 2049, 2049]",319.0,1:34.647
1257,10009,30,6,2025-04-12T13:07:30.326000+00:00,48.043,51.659,29.433,143.0,198.0,False,129.135,"[2048, 2048, 2048, 2048, 2048, 2048, 2048, 2048, 2048, 2048]","[2048, 2048, 2048, 2048, 2048, 2048, 2048, 2048, 2048, 2048, 2048]","[2048, 2048, 2048, 2048, 2048, 2048, 2064]",237.0,2:09.135
1257,10009,30,7,2025-04-12T13:10:05.030000+00:00,77.414,55.185,32.468,155.0,152.0,True,165.067,"[2064, 2064, 2064, 2048, 2048, 2048, 2048, 2048, 2048, 2048]","[2048, 2048, 2048, 2048, 2048, 2048, 2048, 2048, 2048, 2048, 2048]","[2048, 2048, 2048, 2048, 2048, 2048, 2064]",202.0,2:45.067
1257,10009,30,8,2025-04-12T13:16:45.297000+00:00,,63.274,27.88,149.0,172.0,True,,"[None, 2064, 2064, 2048, 2048, 2048, 2048, 2048, 2048, 2048]","[2048, 2048, 2048, 2048, 2048, 2048, 2048, 2048, 2048, 2048, 2048]","[2048, 2048, 2048, 2048, 2048, 2048, 2049]",33.0,N/A
1257,10009,30,9,2025-04-12T13:19:14.150000+00:00,29.571,40.482,23.317,240.0,273.0,False,93.37,"[2049, 2049, 2049, 2048, 2049, 2049, 2049, 2051, 2048, 2049]","[2049, 2049, 2049, 2049, 2049, 2049, 2049, 2048, 2049, 2049, 2049]","[2049, 2049, 2049, 2049, 2049, 2049, 2048]",320.0,1:33.370
1257,10009,30,10,2025-04-12T13:20:47.500000+00:00,44.594,60.227,32.889,135.0,151.0,False,137.71,"[2048, 2048, 2048, 2048, 2048, 2048, 2048, 2048, 2048, 2048]","[2048, 2048, 2048, 2048, 2048, 2048, 2048, 2048, 2048, 2048, 2048]","[2048, 2048, 2048, 2048, 2048, 2048, 2064]",244.0,2:17.710
1257,10009,30,11,2025-04-12T13:26:06.905000+00:00,,67.911,28.152,127.0,159.0,True,,"[2064, 2064, 2064, 2048, 2048, 2048, 2048, 2048, 2048, 2048]","[2048, 2048, 2048, 2048, 2048, 2048, 2048, 2048, 2048, 2048, 2048]","[2048, 2048, 2048, 2048, 2048, 2048, 2048]",105.0,N/A
1257,10009,30,12,2025-04-12T13:28:30.524000+00:00,30.103,40.506,23.541,237.0,270.0,False,94.15,"[2048, 2048, 2048, 2048, 2048, 2048, 2048, 2048, 2048, 2048]","[2048, 2049, 2049, 2048, 2049, 2048, 2048, 2048, 2049, 2048, 2048]","[2048, 2048, 2048, 2048, 2049, 2048, 2048]",313.0,1:34.150
1257,10009,30,13,2025-04-12T13:30:04.616000+00:00,45.347,59.823,44.51,152.0,165.0,False,149.68,"[None, 2048, 2048, 2048, 2048, 2048, 2048, 2048, 2048, 2048]","[2048, 2048, 2048, 2048, 2048, 2048, 2048, 2048, 2048, 2048, 2048]","[2048, 2048, 2048, 2048, 2048, 2048, 2048]",155.0,2:29.680
1257,10009,30,14,2025-04-12T13:32:34.365000+00:00,65.172,51.316,33.681,197.0,163.0,False,150.169,"[None, 2048, 2048, 2048, 2048, 2048, 2048, 2048, 2048, 2048]","[2048, 2048, 2048, 2048, 2048, 2048, 2048, 2048, 2048, 2048, 2048]","[2048, 2048, 2048, 2048, 2048, 2048, 2064]",242.0,2:30.169
1257,10009,31,1,2025-04-12T12:33:04.032000+00:00,,61.6,31.054,134.0,147.0,True,,"[2064, 2064, 2064, 2049, 2049, 2049, 2049, 2049, 2049, 2049]","[2049, 2049, 2049, 2049, 2049, 2049, 2049, 2049, 2049, 2049, 2049]","[2049, 2049, 2049, 2049, 2049, 2049, 2049]",135.0,N/A
1257,10009,31,2,2025-04-12T12:35:17.228000+00:00,30.684,41.749,23.976,235.0,266.0,False,96.409,"[2049, 2049, 2049, 2049, 2049, 2049, 2049, 2049, 2049, 2051]","[2049, 2049, 2049, 2049, 2049, 2049, 2049, 2049, 2051, 2051, 2051]","[2051, 2049, 2049, 2051, 2051, 2049, 2049]",310.0,1:36.409
1257,10009,31,3,2025-04-12T12:36:53.567000+00:00,52.086,72.149,42.893,123.0,120.0,False,167.128,"[None, 2048, 2048, 2048, 2048, 2048, 2048, 2048, 2048, 2048]","[2048, 2048, 2048, 2048, 2048, 2048, 2048, 2048, 2048, 2048, 2048]","[2048, 2048, 2048, 2048, 2048, 2048, 2064]",142.0,2:47.128
1257,10009,31,4,2025-04-12T12:40:12.979000+00:00,93.646,67.604,30.682,122.0,147.0,True,191.932,"[2064, 2064, 2064, 2048, 2048, 2048, 2048, 2048, 2048, 2048]","[2048, 2048, 2048, 2048, 2048, 2048, 2048, 2048, 2048, 2048, 2048]","[2048, 2048, 2048, 2048, 2048, 2048, 2049]",156.0,3:11.932
1257,10009,31,5,2025-04-12T12:42:52.633000+00:00,30.547,41.774,23.789,235.0,269.0,False,96.11,"[2049, 2049, 2049, 2048, 2048, 2049, 2049, 2049, 2049, 2048]","[2048, 2048, 2049, 2049, 2048, 2049, 2049, 2049, 2048, 2049, 2049]","[2049, 2051, 2049, 2049, 2048, 2049, 2049]",315.0,1:36.110
1257,10009,31,6,2025-04-12T12:44:28.719000+00:00,35.593,52.488,32.728,185.0,183.0,False,120.809,"[2048, 2048, 2048, 2048, 2048, 2048, 2048, 2048, 2048, 2048]","[2048, 2048, 2048, 2048, 2048, 2048, 2048, 2048, 2048, 2048, 2048]","[2048, 2048, 2048, 2048, 2048, 2048, 2064]",233.0,2:00.809
1257,10009,31,7,2025-04-12T12:59:59.828000+00:00,,85.79,53.67,219.0,94.0,True,,"[2064, 2064, 2064, 2048, 2048, 2048, 2048, 2048, 2048, 2048]","[2048, 2048, 2048, 2048, 2048, 2048, 2048, 2048, 2048, 2048, 2048]","[2048, 2048, 2048, 2048, 2048, 2048, 2048]",176.0,N/A
1257,10009,31,8,2025-04-12T13:03:06.097000+00:00,32.041,43.244,24.588,230.0,254.0,False,99.873,"[2048, 2048, 2048, 2048, 2048, 2048, 2048, 2048, 2048, 2048]","[2048, 2048, 2048, 2048, 2048, 2048, 2048, 2048, 2048, 2048, 2048]","[2048, 2048, 2048, 2048, 2048, 2048, 2048]",290.0,1:39.873
1257,10009,31,9,2025-04-12T13:04:45.961000+00:00,31.716,43.455,24.584,225.0,250.0,False,99.755,"[None, 2048, 2048, 2048, 2048, 2048, 2048, 2048, 2048, 2048]","[2048, 2048, 2048, 2048, 2048, 2048, 2048, 2048, 2048, 2048, 2048]","[2048, 2048, 2048, 2048, 2048, 2048, 2048]",285.0,1:39.755
1257,10009,31,10,2025-04-12T13:06:25.731000+00:00,31.483,43.177,24.677,226.0,255.0,False,99.337,"[None, 2048, 2048, 2048, 2048, 2048, 2048, 2048, 2048, 2048]","[2048, 2048, 2048, 2048, 2048, 2048, 2048, 2048, 2048, 2048, 2048]","[2048, 2048, 2048, 2048, 2048, 2048, 2048]",302.0,1:39.337
1257,10009,31,11,2025-04-12T13:08:05.040000+00:00,33.746,46.471,28.951,202.0,242.0,False,109.168,"[None, 2048, 2048, 2048, 2048, 2048, 2048, 2048, 2048, 2048]","[2048, 2048, 2048, 2048, 2048, 2048, 2048, 2048, 2048, 2048, 2048]","[2048, 2048, 2048, 2048, 2048, 2048, 2064]",253.0,1:49.168
1257,10009,31,12,2025-04-12T13:17:08.590000+00:00,,59.481,46.576,145.0,101.0,True,,"[2064, 2064, 2064, 2048, 2048, 2048, 2048, 2048, 2048, 2048]","[2048, 2048, 2048, 2048, 2048, 2048, 2048, 2048, 2048, 2048, 2048]","[2048, 2048, 2048, 2048, 2048, 2048, 2048]",67.0,N/A
1257,10009,31,13,2025-04-12T13:19:47.690000+00:00,29.618,40.271,23.351,240.0,271.0,False,93.24,"[2049, 2049, 2049, 2049, 2049, 2049, 2049, 2049, 2049, 2049]","[2049, 2049, 2049, 2051, 2049, 2049, 2049, 2049, 2049, 2049, 2049]","[2049, 2049, 2049, 2049, 2049, 2049, 2049]",316.0,1:33.240
1257,10009,31,14,2025-04-12T13:21:20.907000+00:00,34.949,47.25,28.518,196.0,242.0,False,110.717,"[2048, 2048, 2048, 2048, 2048, 2048, 2048, 2048, 2048, 2048]","[2048, 2048, 2048, 2048, 2048, 2048, 2048, 2048, 2048, 2048, 2048]","[2048, 2048, 2048, 2048, 2048, 2048, 2064]",249.0,1:50.717
1257,10009,31,15,2025-04-12T13:28:54.580000+00:00,,64.383,32.344,71.0,167.0,True,,"[2064, 2064, 2064, 2048, 2048, 2048, 2048, 2048, 2048, 2048]","[2048, 2048, 2048, 2048, 2048, 2048, 2048, 2048, 2048, 2048, 2048]","[2048, 2048, 2048, 2048, 2048, 2048, 2048]",192.0,N/A
1257,10009,31,16,2025-04-12T13:31:37.417000+00:00,44.336,54.774,38.603,160.0,172.0,False,137.713,"[2048, 2048, 2048, 2048, 2048, 2048, 2048, 2048, 2048, 2048]","[2048, 2048, 2048, 2048, 2048, 2048, 2048, 2048, 2048, 2048, 2048]","[2048, 2048, 2048, 2048, 2048, 2048, 0]",172.0,2:17.713
1257,10009,31,17,2025-04-12T13:33:55.067000+00:00,61.539,55.975,31.449,186.0,183.0,False,148.963,"[None, 2048, 2048, 2048, 2048, 2048, 2048, 2048, 2048, 2048]","[2048, 2048, 2048, 2048, 2048, 2048, 2048, 2048, 2048, 2048, 2048]","[2048, 2048, 2048, 2048, 2048, 2048, 2064]",265.0,2:28.963
1257,10009,44,1,2025-04-12T12:33:48.638000+00:00,,56.194,25.592,153.0,195.0,True,,"[2064, 2064, 2064, 2049, 2049, 2049, 2049, 2049, 2049, 2049]","[2049, 2049, 2049, 2049, 2049, 2049, 2049, 2049, 2049, 2049, 2049]","[2049, 2049, 2049, 2049, 2049, 2051, 2051]",134.0,N/A
1257,10009,44,2,2025-04-12T12:35:52.378000+00:00,30.049,45.394,37.66,237.0,164.0,False,113.103,"[2051, 2051, 2051, 2051, 2051, 2051, 2051, 2051, 2051, 2049]","[2051, 2049, 2051, 2051, 2051, 2051, 2051, 2051, 2049, 2048, 2048]","[2048, 2048, 2048, 2048, 2048, 2048, 2064]",316.0,1:53.103
1257,10009,44,3,2025-04-12T12:38:16.977000+00:00,91.35,66.487,30.313,119.0,135.0,True,188.15,"[2064, 2064, 2064, 2048, 2048, 2048, 2048, 2048, 2048, 2048]","[2048, 2048, 2048, 2048, 2048, 2048, 2048, 2048, 2048, 2048, 2048]","[2048, 2048, 2048, 2048, 2048, 2048, 2048]",206.0,3:08.150
1257,10009,44,4,2025-04-12T12:40:53.662000+00:00,30.09,41.202,23.554,237.0,268.0,False,94.846,"[2048, 2048, 2049, 2048, 2048, 2048, 2051, 2051, 2051, 2049]","[2048, 2051, 2048, 2051, 2048, 2048, 2048, 2048, 2049, 2051, 2051]","[2051, 2049, 2051, 2051, 2051, 2048, 2048]",316.0,1:34.846
1257,10009,44,5,2025-04-12T12:42:28.436000+00:00,46.608,58.414,34.726,150.0,162.0,False,139.748,"[None, 2048, 2048, 2048, 2048, 2048, 2048, 2048, 2048, 2048]","[2048, 2048, 2048, 2048, 2048, 2048, 2048, 2048, 2048, 2048, 2048]","[2048, 2048, 2048, 2048, 2048, 2048, 2064]",143.0,2:19.748
1257,10009,44,6,2025-04-12T12:56:03.510000+00:00,,64.415,27.28,132.0,167.0,True,,"[2064, 2064, 2064, 2048, 2048, 2048, 2048, 2048, 2048, 2048]","[2048, 2048, 2048, 2048, 2048, 2048, 2048, 2048, 2048, 2048, 2048]","[2048, 2048, 2048, 2048, 2048, 2048, 2048]",135.0,N/A
1257,10009,44,7,2025-04-12T12:58:18.589000+00:00,29.894,40.875,23.529,239.0,274.0,False,94.298,"[2048, 2048, 2048, 2049, 2048, 2048, 2048, 2048, 2049, 2049]","[2049, 2048, 2049, 2048, 2048, 2048, 2048, 2048, 2049, 2049, 2051]","[2049, 2048, 2048, 2049, 2049, 2048, 2049]",316.0,1:34.298
1257,10009,44,8,2025-04-12T12:59:52.792000+00:00,46.541,87.767,40.529,126.0,102.0,False,174.837,"[None, 2048, 2048, 2048, 2048, 2048, 2048, 2048, 2048, 2048]","[2048, 2048, 2048, 2048, 2048, 2048, 2048, 2048, 2048, 2048, 2048]","[2048, 2048, 2048, 2048, 2048, 2048, 2048]",170.0,2:54.837
1257,10009,44,9,2025-04-12T13:02:47.681000+00:00,39.529,62.232,33.04,202.0,129.0,False,134.801,"[None, 2048, 2048, 2048, 2048, 2048, 2048, 2048, 2048, 2048]","[2048, 2048, 2048, 2048, 2048, 2048, 2048, 2048, 2048, 2048, 2048]","[2048, 2048, 2048, 2048, 2048, 2048, 2048]",212.0,2:14.801
1257,10009,44,10,2025-04-12T13:05:02.439000+00:00,30.688,41.887,23.968,239.0,237.0,False,96.543,"[None, 2048, 2048, 2048, 2048, 2048, 2048, 2048, 2048, 2048]","[2048, 2048, 2048, 2048, 2048, 2048, 2048, 2048, 2048, 2048, 2048]","[2048, 2048, 2048, 2048, 2049, 2048, 2048]",297.0,1:36.543
1257,10009,44,11,2025-04-12T13:06:39.074000+00:00,31.203,42.363,23.818,227.0,249.0,False,97.384,"[None, 2048, 2048, 2048, 2048, 2048, 2048, 2048, 2048, 2048]","[2048, 2048, 2048, 2048, 2048, 2048, 2048, 2048, 2048, 2048, 2048]","[2048, 2048, 2049, 2048, 2048, 2048, 2048]",,1:37.384
1257,10009,44,12,2025-04-12T13:08:16.402000+00:00,31.143,42.736,28.566,235.0,252.0,False,102.445,"[None, 2048, 2048, 2048, 2048, 2048, 2048, 2048, 2048, 2048]","[2048, 2048, 2048, 2048, 2048, 2048, 2048, 2048, 2048, 2048, 2048]","[2048, 2048, 2048, 2048, 2048, 2048, 2064]",294.0,1:42.445
1257,10009,44,13,2025-04-12T13:20:38.545000+00:00,,63.246,28.488,124.0,177.0,True,,"[2064, 2064, 2064, 2048, 2048, 2048, 2048, 2048, 2048, 2048]","[2048, 2048, 2048, 2048, 2048, 2048, 2048, 2048, 2048, 2048, 2048]","[2048, 2048, 2048, 2048, 2048, 2048, 2048]",109.0,N/A
1257,10009,44,14,2025-04-12T13:22:59.270000+00:00,29.676,40.196,23.239,237.0,273.0,False,93.111,"[2049, 2049, 2049, 2048, 2049, 2049, 2049, 2049, 2049, 2048]","[2049, 2049, 2049, 2049, 2049, 2049, 2049, 2049, 2048, 2048, 2048]","[2049, 2049, 2049, 2049, 2049, 2048, 0]",318.0,1:33.111
1257,10009,44,15,2025-04-12T13:24:32.896000+00:00,58.994,97.71,51.762,64.0,93.0,False,208.466,"[2048, 2048, 2048, 2048, 2048, 2048, 2048, 2048, 2048, 2048]","[2048, 2048, 2048, 2048, 2048, 2048, 2048, 2048, 2048, 2048, 2048]","[2048, 2048, 2048, 2048, 2048, 2048, 2064]",149.0,3:28.466
1257,10009,44,16,2025-04-12T13:28:28.191000+00:00,69.996,55.342,31.479,156.0,134.0,True,156.817,"[2064, 2064, 2064, 2048, 2048, 2048, 2048, 2048, 2048, 2048]","[2048, 2048, 2048, 2048, 2048, 2048, 2048, 2048, 2048, 2048, 2048]","[2048, 2048, 2048, 2048, 2048, 2049, 2048]",135.0,2:36.817
1257,10009,44,17,2025-04-12T13:30:37.539000+00:00,29.707,40.127,40.818,237.0,274.0,False,110.652,"[2048, 2048, 2048, 2048, 2048, 2048, 2048, 2048, 2048, 2048]","[2048, 2048, 2048, 2048, 2048, 2048, 2049, 2048, 2048, 2048, 2048]","[2048, 2048, 2048, 2048, 2048, 2048, 2048]",316.0,1:50.652
1257,10009,44,18,2025-04-12T13:32:28.260000+00:00,57.934,43.659,27.69,202.0,192.0,False,129.283,"[None, 2048, 2048, 2048, 2048, 2048, 2048, 2048, 2048, 2048]","[2048, 2048, 2048, 2048, 2048, 2048, 2048, 2048, 2048, 2048, 2048]","[2048, 2048, 2048, 2048, 2048, 2048, 2064]",255.0,2:09.283
1257,10009,55,1,2025-04-12T12:51:06.211000+00:00,,48.469,26.209,200.0,215.0,True,,"[2064, 2064, 2064, 2049, 2049, 2049, 2049, 2049, 2049, 2049]","[2049, 2049, 2049, 2049, 2049, 2049, 2049, 2049, 2049, 2049, 2049]","[2049, 2049, 2049, 2049, 2049, 2049, 2049]",186.0,N/A
1257,10009,55,2,2025-04-12T12:52:54.748000+00:00,30.508,41.162,23.744,238.0,269.0,False,95.414,"[2049, 2049, 2049, 2049, 2049, 2049, 2049, 2049, 2049, 2049]","[2049, 2049, 2049, 2049, 2049, 2049, 2049, 2049, 2049, 2049, 2049]","[2049, 2049, 2049, 2049, 2049, 2048, 0]",314.0,1:35.414
1257,10009,55,3,2025-04-12T12:54:30.097000+00:00,49.291,69.063,42.072,160.0,82.0,False,160.426,"[2048, 2048, 2048, 2048, 2048, 2048, 2048, 2048, 2048, 2048]","[2048, 2048, 2048, 2048, 2048, 2048, 2048, 2048, 2048, 2048, 2048]","[2048, 2048, 2048, 2048, 2048, 2048, 2064]",112.0,2:40.426
1257,10009,55,4,2025-04-12T12:57:37.022000+00:00,68.372,48.759,32.147,191.0,206.0,True,149.278,"[2064, 2064, 2064, 2048, 2048, 2048, 2048, 2048, 2048, 2048]","[2048, 2048, 2048, 2048, 2048, 2048, 2048, 2048, 2048, 2048, 2048]","[2048, 2048, 2048, 2048, 2048, 2048, 2049]",96.0,2:29.278
1257,10009,55,5,2025-04-12T12:59:39.899000+00:00,30.249,41.886,38.195,237.0,162.0,False,110.33,"[2049, 2051, 2051, 2049, 2048, 2049, 2049, 2049, 2049, 2048]","[2048, 2048, 2049, 2049, 2049, 2049, 2049, 2049, 2048, 2048, 2048]","[2048, 2048, 2048, 2048, 2048, 2048, 2064]",321.0,1:50.330
1257,10009,55,6,2025-04-12T13:08:10.701000+00:00,,56.817,28.396,188.0,208.0,True,,"[2064, 2064, 2064, 2048, 2048, 2048, 2048, 2048, 2048, 2048]","[2048, 2048, 2048, 2048, 2048, 2048, 2048, 2048, 2048, 2048, 2048]","[2048, 2048, 2048, 2048, 2048, 2049, 2048]",189.0,N/A
1257,10009,55,7,2025-04-12T13:10:09.083000+00:00,30.226,69.498,39.82,237.0,161.0,False,139.544,"[2048, 2048, 2048, 2048, 2049, 2049, 2049, 2049, 2049, 2048]","[2048, 2048, 2048, 2048, 2048, 2048, 2048, 2048, 2048, 2048, 2048]","[2048, 2048, 2048, 2048, 2048, 2048, 2048]",315.0,2:19.544
1257,10009,55,8,2025-04-12T13:12:28.700000+00:00,30.451,41.35,27.911,234.0,248.0,False,99.712,"[None, 2048, 2048, 2048, 2049, 2049, 2048, 2048, 2048, 2048]","[2048, 2048, 2049, 2048, 2048, 2049, 2048, 2048, 2049, 2048, 2048]","[2048, 2048, 2048, 2048, 2048, 2048, 2064]",313.0,1:39.712
1257,10009,55,9,2025-04-12T13:19:54.875000+00:00,,50.946,25.714,176.0,194.0,True,,"[2064, 2064, 2064, 2048, 2048, 2048, 2048, 2048, 2048, 2048]","[2048, 2048, 2048, 2048, 2048, 2048, 2048, 2048, 2048, 2048, 2048]","[2048, 2048, 2048, 2048, 2048, 2051, 2048]",164.0,N/A
1257,10009,55,10,2025-04-12T13:21:45.674000+00:00,29.554,40.043,23.495,240.0,270.0,False,93.092,"[2048, 2048, 2048, 2049, 2049, 2051, 2049, 2049, 2049, 2049]","[2049, 2049, 2049, 2049, 2049, 2049, 2049, 2049, 2049, 2049, 2049]","[2048, 2049, 2049, 2049, 2049, 2048, 2048]",316.0,1:33.092
1257,10009,55,11,2025-04-12T13:23:18.647000+00:00,42.816,64.383,36.255,145.0,131.0,False,143.454,"[None, 2048, 2048, 2048, 2048, 2048, 2048, 2048, 2048, 2048]","[2048, 2048, 2048, 2048, 2048, 2048, 2048, 2048, 2048, 2048, 2048]","[2048, 2048, 2048, 2048, 2048, 2048, 2064]",151.0,2:23.454
1257,10009,55,12,2025-04-12T13:27:42.660000+00:00,,55.572,30.618,162.0,206.0,True,,"[2064, 2064, 2064, 2048, 2048, 2048, 2048, 2048, 2048, 2048]","[2048, 2048, 2048, 2048, 2048, 2048, 2048, 2048, 2048, 2048, 2048]","[2048, 2048, 2048, 2048, 2048, 2048, 2048]",149.0,N/A
1257,10009,55,13,2025-04-12T13:29:42.469000+00:00,29.999,40.476,23.686,240.0,270.0,False,94.161,"[2048, 2048, 2048, 2048, 2048, 2048, 2049, 2048, 2048, 2048]","[2049, 2048, 2048, 2048, 2048, 2048, 2048, 2048, 2049, 2049, 2048]","[2048, 2048, 2048, 2048, 2049, 2048, 2048]",319.0,1:34.161
1257,10009,55,14,2025-04-12T13:31:16.687000+00:00,44.094,62.996,41.556,146.0,144.0,False,148.646,"[None, 2048, 2048, 2048, 2048, 2048, 2048, 2048, 2048, 2048]","[2048, 2048, 2048, 2048, 2048, 2048, 2048, 2048, 2048, 2048, 2048]","[2048, 2048, 2048, 2048, 2048, 2048, 2048]",203.0,2:28.646
1257,10009,55,15,2025-04-12T13:33:45.364000+00:00,73.292,49.074,30.225,181.0,223.0,False,152.591,"[None, 2048, 2048, 2048, 2048, 2048, 2048, 2048, 2048, 2048]","[2048, 2048, 2048, 2048, 2048, 2048, 2048, 2048, 2048, 2048, 2048]","[2048, 2048, 2048, 2048, 2048, 2048, 2064]",253.0,2:32.591
1257,10009,63,1,2025-04-12T12:58:25.981000+00:00,,55.676,29.788,175.0,177.0,True,,"[2064, 2064, 2064, 2049, 2049, 2049, 2049, 2049, 2049, 2049]","[2049, 2049, 2049, 2049, 2049, 2049, 2049, 2049, 2049, 2049, 2049]","[2049, 2049, 2049, 2049, 2049, 2049, 2049]",117.0,N/A
1257,10009,63,2,2025-04-12T13:00:32.036000+00:00,43.026,91.834,38.903,101.0,108.0,False,173.763,"[2049, 2049, 2049, 2049, 2049, 2049, 2049, 2048, 2048, 2048]","[2048, 2048, 2048, 2048, 2048, 2048, 2048, 2048, 2048, 2048, 2048]","[2048, 2048, 2048, 2048, 2048, 2048, 0]",318.0,2:53.763
1257,10009,63,3,2025-04-12T13:03:25.262000+00:00,43.486,76.212,25.406,146.0,178.0,False,145.104,"[2048, 2048, 2048, 2049, 2048, 2048, 2048, 2048, 2048, 2048]","[2048, 2048, 2048, 2048, 2048, 2048, 2048, 2048, 2048, 2048, 2048]","[2049, 2049, 2049, 2049, 2049, 2048, 0]",,2:25.104
1257,10009,63,4,2025-04-12T13:05:50.847000+00:00,30.023,41.225,23.639,238.0,271.0,False,94.887,"[None, 2048, 2048, 2048, 2048, 2049, 2049, 2049, 2049, 2049]","[2049, 2049, 2049, 2049, 2049, 2049, 2049, 2049, 2049, 2049, 2049]","[2049, 2049, 2049, 2049, 2049, 2048, 0]",316.0,1:34.887
1257,10009,63,5,2025-04-12T13:07:25.227000+00:00,52.109,63.867,35.462,129.0,149.0,False,151.438,"[None, 2048, 2048, 2048, 2048, 2048, 2048, 2048, 2048, 2048]","[2048, 2048, 2048, 2048, 2048, 2048, 2048, 2048, 2048, 2048, 2048]","[2048, 2048, 2048, 2048, 2048, 2048, 2064]",141.0,2:31.438
1257,10009,63,6,2025-04-12T13:10:23.159000+00:00,70.411,71.034,33.673,128.0,118.0,True,175.118,"[2064, 2064, 2064, 2048, 2048, 2048, 2048, 2048, 2048, 2048]","[2048, 2048, 2048, 2048, 2048, 2048, 2048, 2048, 2048, 2048, 2048]","[2048, 2048, 2048, 2048, 2048, 2049, 2048]",125.0,2:55.118
1257,10009,63,7,2025-04-12T13:12:51.993000+00:00,32.12,61.9,28.411,230.0,209.0,False,122.431,"[2048, 2048, 2048, 2048, 2048, 2048, 2048, 2048, 2048, 2048]","[2049, 2049, 2048, 2049, 2048, 2048, 2048, 2048, 2048, 2048, 2048]","[2048, 2048, 2048, 2048, 2048, 2048, 2064]",315.0,2:02.431
1257,10009,63,8,2025-04-12T13:18:41.619000+00:00,,68.552,28.308,133.0,145.0,True,,"[2064, 2064, 2064, 2048, 2048, 2048, 2048, 2048, 2048, 2048]","[2048, 2048, 2048, 2048, 2048, 2048, 2048, 2048, 2048, 2048, 2048]","[2048, 2048, 2048, 2048, 2048, 2049, 2048]",130.0,N/A
1257,10009,63,9,2025-04-12T13:21:01.342000+00:00,29.574,40.174,23.079,240.0,273.0,False,92.827,"[2048, 2048, 2048, 2048, 2048, 2049, 2051, 2049, 2049, 2049]","[2049, 2049, 2049, 2051, 2049, 2049, 2049, 2049, 2049, 2049, 2049]","[2049, 2051, 2051, 2049, 2049, 2051, 2049]",317.0,1:32.827
1257,10009,63,10,2025-04-12T13:22:34.095000+00:00,41.666,54.765,32.021,182.0,162.0,False,128.452,"[None, 2048, 2048, 2048, 2048, 2048, 2048, 2048, 2048, 2048]","[2048, 2048, 2048, 2048, 2048, 2048, 2048, 2048, 2048, 2048, 2048]","[2048, 2048, 2048, 2048, 2048, 2048, 2064]",146.0,2:08.452
1257,10009,63,11,2025-04-12T13:29:18.501000+00:00,,60.091,31.322,157.0,151.0,True,,"[2064, 2064, 2064, 2048, 2048, 2048, 2048, 2048, 2048, 2048]","[2048, 2048, 2048, 2048, 2048, 2048, 2048, 2048, 2048, 2048, 2048]","[2048, 2048, 2048, 2048, 2048, 2048, 2048]",151.0,N/A
1257,10009,63,12,2025-04-12T13:31:56.157000+00:00,45.442,58.715,43.039,156.0,145.0,False,147.196,"[2048, 2048, 2048, 2048, 2048, 2048, 2048, 2048, 2048, 2048]","[2048, 2048, 2048, 2048, 2048, 2048, 2048, 2048, 2048, 2048, 2048]","[2048, 2048, 2048, 2048, 2048, 2048, 2048]",247.0,2:27.196
1257,10009,63,13,2025-04-12T13:34:23.358000+00:00,72.084,44.217,,205.0,252.0,False,,"[None, 2048, 2048, 2048, 2048, 2048, 2048, 2048, 2048, 2048]","[2048, 2048, 2048, 2048, 2048, 2048, 2048, 2048, 2048, 2048, 2048]","[0, 0, 0, 0, 0, 0, 0]",250.0,N/A
1257,10009,81,1,2025-04-12T12:49:17.544000+00:00,,62.169,34.26,155.0,81.0,True,,"[2064, 2064, 2064, 2049, 2049, 2049, 2049, 2049, 2049, 2049]","[2049, 2049, 2049, 2049, 2049, 2049, 2049, 2049, 2049, 2049, 2049]","[2049, 2049, 2049, 2049, 2049, 2049, 2049]",206.0,N/A
1257,10009,81,2,2025-04-12T12:51:45.350000+00:00,29.769,40.182,23.373,239.0,269.0,False,93.324,"[2049, 2049, 2049, 2049, 2049, 2051, 2049, 2049, 2049, 2049]","[2049, 2051, 2051, 2049, 2049, 2049, 2049, 2049, 2051, 2049, 2049]","[2051, 2049, 2049, 2049, 2049, 2049, 2049]",309.0,1:33.324
1257,10009,81,3,2025-04-12T12:53:18.595000+00:00,43.73,63.353,36.577,148.0,154.0,False,143.66,"[2048, 2048, 2048, 2048, 2048, 2048, 2048, 2048, 2048, 2048]","[2048, 2048, 2048, 2048, 2048, 2048, 2048, 2048, 2048, 2048, 2048]","[2048, 2048, 2048, 2048, 2048, 2048, 2064]",166.0,2:23.660
1257,10009,81,4,2025-04-12T12:55:59.442000+00:00,63.996,68.815,30.627,117.0,126.0,True,163.438,"[2064, 2064, 2064, 2048, 2048, 2048, 2048, 2048, 2048, 2048]","[2048, 2048, 2048, 2048, 2048, 2048, 2048, 2048, 2048, 2048, 2048]","[2048, 2048, 2048, 2048, 2048, 2048, 2048]",100.0,2:43.438
1257,10009,81,5,2025-04-12T12:58:25.895000+00:00,29.928,40.523,23.362,238.0,267.0,False,93.813,"[2049, 2049, 2049, 2049, 2048, 2048, 2048, 2048, 2048, 2048]","[2049, 2048, 2048, 2048, 2048, 2048, 2048, 2048, 2051, 2048, 2048]","[2048, 2049, 2048, 2049, 2051, 2048, 2048]",310.0,1:33.813
1257,10009,81,6,2025-04-12T12:59:59.697000+00:00,36.145,65.375,40.954,210.0,135.0,False,142.474,"[2048, 2048, 2048, 2048, 2048, 2048, 2048, 2048, 2048, 2048]","[2048, 2048, 2048, 2048, 2048, 2048, 2048, 2048, 2048, 2048, 2048]","[2048, 2048, 2048, 2048, 2048, 2048, 2048]",291.0,2:22.474
1257,10009,81,7,2025-04-12T13:02:22.023000+00:00,53.413,46.581,30.132,195.0,221.0,False,130.126,"[None, 2048, 2048, 2048, 2048, 2048, 2048, 2048, 2048, 2048]","[2048, 2048, 2048, 2048, 2048, 2048, 2048, 2048, 2048, 2048, 2048]","[2048, 2048, 2048, 2048, 2048, 2048, 2064]",113.0,2:10.126
1257,10009,81,8,2025-04-12T13:16:08.462000+00:00,,57.628,26.413,155.0,170.0,True,,"[2064, 2064, 2064, 2048, 2048, 2048, 2048, 2048, 2048, 2048]","[2048, 2048, 2048, 2048, 2048, 2048, 2048, 2048, 2048, 2048, 2048]","[2048, 2048, 2048, 2048, 2048, 2049, 2049]",45.0,N/A
1257,10009,81,9,2025-04-12T13:18:26.649000+00:00,29.144,39.575,22.927,242.0,272.0,False,91.646,"[2049, 2049, 2049, 2049, 2051, 2048, 2049, 2049, 2051, 2049]","[2049, 2051, 2051, 2051, 2049, 2049, 2049, 2049, 2051, 2051, 2049]","[2051, 2051, 2051, 2049, 2051, 2049, 2049]",315.0,1:31.646
1257,10009,81,10,2025-04-12T13:19:58.242000+00:00,35.297,47.587,31.679,200.0,188.0,False,114.563,"[2048, 2048, 2048, 2048, 2048, 2048, 2048, 2048, 2048, 2048]","[2048, 2048, 2048, 2048, 2048, 2048, 2048, 2048, 2048, 2048, 2048]","[2048, 2048, 2048, 2048, 2048, 2048, 2064]",239.0,1:54.563
1257,10009,81,11,2025-04-12T13:28:36.505000+00:00,,57.708,31.782,150.0,170.0,True,,"[2064, 2064, 2064, 2048, 2048, 2048, 2048, 2048, 2048, 2048]","[2048, 2048, 2048, 2048, 2048, 2048, 2048, 2048, 2048, 2048, 2048]","[2048, 2048, 2048, 2048, 2048, 2048, 2048]",102.0,N/A
1257,10009,81,12,2025-04-12T13:30:47.920000+00:00,41.812,53.213,41.287,168.0,203.0,False,136.312,"[2048, 2048, 2048, 2048, 2048, 2048, 2048, 2048, 2048, 2048]","[2048, 2048, 2048, 2048, 2048, 2048, 2048, 2048, 2048, 2048, 2048]","[2048, 2048, 2048, 2048, 2048, 2048, 2048]",202.0,2:16.312
1257,10009,81,13,2025-04-12T13:33:04.260000+00:00,64.636,45.143,30.333,204.0,166.0,False,140.112,"[None, 2048, 2048, 2048, 2048, 2048, 2048, 2048, 2048, 2048]","[2048, 2048, 2048, 2048, 2048, 2048, 2048, 2048, 2048, 2048, 2048]","[2048, 2048, 2048, 2048, 2048, 2048, 2064]",257.0,2:20.112
1257,10009,87,1,2025-04-12T12:30:53.980000+00:00,,49.754,27.076,179.0,213.0,True,,"[2064, 2064, 2064, 2051, 2051, 2051, 2051, 2051, 2051, 2051]","[2051, 2051, 2051, 2051, 2051, 2051, 2051, 2051, 2051, 2051, 2051]","[2051, 2051, 2051, 2051, 2051, 2051, 2051]",147.0,N/A
1257,10009,87,2,2025-04-12T12:32:48.514000+00:00,31.248,42.448,24.129,234.0,260.0,False,97.825,"[2051, 2051, 2051, 2051, 2051, 2051, 2051, 2051, 2051, 2051]","[2051, 2051, 2051, 2051, 2051, 2051, 2051, 2051, 2051, 2051, 2051]","[2051, 2051, 2051, 2051, 2051, 2048, 0]",310.0,1:37.825
1257,10009,87,3,2025-04-12T12:34:26.196000+00:00,61.095,81.875,45.248,103.0,120.0,False,188.218,"[2048, 2048, 2048, 2048, 2048, 2048, 2048, 2048, 2048, 2048]","[2048, 2048, 2048, 2048, 2048, 2048, 2048, 2048, 2048, 2048, 2048]","[2048, 2048, 2048, 2048, 2048, 2048, 2064]",150.0,3:08.218
1257,10009,87,4,2025-04-12T12:38:14.455000+00:00,88.261,60.934,26.376,116.0,195.0,True,175.571,"[2064, 2064, 2064, 2048, 2048, 2048, 2048, 2048, 2048, 2048]","[2048, 2048, 2048, 2048, 2048, 2048, 2048, 2048, 2048, 2048, 2048]","[2048, 2048, 2048, 2048, 2048, 2049, 2049]",116.0,2:55.571
1257,10009,87,5,2025-04-12T12:40:30.145000+00:00,30.747,42.467,23.993,235.0,263.0,False,97.207,"[2049, 2049, 2049, 2049, 2049, 2049, 2049, 2049, 2049, 2049]","[2049, 2049, 2048, 2049, 2049, 2049, 2049, 2049, 2049, 2049, 2049]","[2049, 2051, 2051, 2051, 2048, 2048, 0]",314.0,1:37.207
1257,10009,87,6,2025-04-12T12:42:07.275000+00:00,43.675,68.594,46.881,136.0,123.0,False,159.15,"[None, 2048, 2048, 2048, 2048, 2048, 2048, 2048, 2048, 2048]","[2048, 2048, 2048, 2048, 2048, 2048, 2048, 2048, 2048, 2048, 2048]","[2048, 2048, 2048, 2048, 2048, 2048, 2064]",250.0,2:39.150
1257,10009,87,7,2025-04-12T12:51:04.885000+00:00,,44.907,25.106,224.0,237.0,True,,"[2064, 2064, 2064, 2048, 2048, 2048, 2048, 2048, 2048, 2048]","[2048, 2048, 2048, 2048, 2048, 2048, 2048, 2048, 2048, 2048, 2048]","[2048, 2048, 2048, 2048, 2048, 2048, 2048]",201.0,N/A
1257,10009,87,8,2025-04-12T12:53:03.091000+00:00,31.809,44.354,24.867,228.0,235.0,False,101.03,"[2048, 2048, 2048, 2048, 2048, 2048, 2048, 2048, 2048, 2048]","[2048, 2048, 2048, 2048, 2048, 2048, 2048, 2048, 2048, 2048, 2048]","[2048, 2048, 2048, 2048, 2048, 2048, 2048]",300.0,1:41.030
1257,10009,87,9,2025-04-12T12:54:44.151000+00:00,31.898,44.928,24.963,,235.0,False,101.789,"[None, 2048, 2048, 2048, 2048, 2048, 2048, 2048, 2048, 2048]","[2048, 2048, 2048, 2048, 2048, 2048, 2048, 2048, 2048, 2048, 2048]","[2048, 2048, 2048, 2048, 2048, 2048, 2048]",294.0,1:41.789
1257,10009,87,10,2025-04-12T12:56:25.868000+00:00,31.882,44.193,24.716,,239.0,False,100.791,"[None, 2048, 2048, 2048, 2048, 2048, 2048, 2048, 2048, 2048]","[2048, 2048, 2048, 2048, 2048, 2048, 2048, 2048, 2048, 2048, 2048]","[2048, 2048, 2048, 2048, 2048, 2048, 2048]",295.0,1:40.791
1257,10009,87,11,2025-04-12T12:58:06.636000+00:00,31.864,44.414,24.73,227.0,237.0,False,101.008,"[None, 2048, 2048, 2048, 2048, 2048, 2048, 2048, 2048, 2048]","[2048, 2048, 2048, 2048, 2048, 2048, 2048, 2048, 2048, 2048, 2048]","[2048, 2048, 2048, 2048, 2048, 2048, 0]",296.0,1:41.008
1257,10009,87,12,2025-04-12T12:59:47.993000+00:00,31.882,50.184,34.057,225.0,172.0,False,116.123,"[None, 2048, 2048, 2048, 2048, 2048, 2048, 2048, 2048, 2048]","[2048, 2048, 2048, 2048, 2048, 2048, 2048, 2048, 2048, 2048, 2048]","[2048, 2048, 2048, 2048, 2048, 2048, 2064]",293.0,1:56.123
1257,10009,87,13,2025-04-12T13:15:46.250000+00:00,,50.236,41.193,189.0,204.0,True,,"[2064, 2064, 2064, 2048, 2048, 2048, 2048, 2048, 2048, 2048]","[2048, 2048, 2048, 2048, 2048, 2048, 2048, 2048, 2048, 2048, 2048]","[2048, 2048, 2048, 2048, 2048, 2049, 2049]",71.0,N/A
1257,10009,87,14,2025-04-12T13:18:02.508000+00:00,29.824,40.671,23.84,237.0,274.0,False,94.335,"[2049, 2049, 2049, 2049, 2049, 2049, 2049, 2049, 2049, 2049]","[2049, 2049, 2049, 2048, 2049, 2049, 2049, 2049, 2049, 2049, 2049]","[2049, 2049, 2049, 2051, 2049, 2048, 2048]",319.0,1:34.335
1257,10009,87,15,2025-04-12T13:19:36.779000+00:00,52.092,53.177,29.911,81.0,200.0,False,135.18,"[2048, 2048, 2048, 2048, 2048, 2048, 2048, 2048, 2048, 2048]","[2048, 2048, 2048, 2048, 2048, 2048, 2048, 2048, 2048, 2048, 2048]","[2048, 2048, 2048, 2048, 2048, 2048, 2064]",188.0,2:15.180
1257,10009,87,16,2025-04-12T13:28:43.357000+00:00,,43.187,24.555,227.0,249.0,True,,"[2064, 2064, 2064, 2048, 2048, 2048, 2048, 2048, 2048, 2048]","[2048, 2048, 2048, 2048, 2048, 2048, 2048, 2048, 2048, 2048, 2048]","[2048, 2048, 2048, 2048, 2049, 2048, 2048]",194.0,N/A
1257,10009,87,17,2025-04-12T13:30:31.214000+00:00,41.302,59.168,34.11,143.0,160.0,False,134.58,"[2048, 2048, 2048, 2048, 2048, 2048, 2048, 2048, 2048, 2048]","[2048, 2048, 2048, 2048, 2048, 2048, 2048, 2048, 2048, 2048, 2048]","[2048, 2048, 2048, 2048, 2048, 2048, 2048]",223.0,2:14.580
1257,10009,87,18,2025-04-12T13:32:45.147000+00:00,60.397,45.778,28.285,228.0,163.0,False,134.46,"[None, 2048, 2048, 2048, 2048, 2048, 2048, 2048, 2048, 2048]","[2048, 2048, 2048, 2048, 2048, 2048, 2048, 2048, 2048, 2048, 2048]","[2048, 2048, 2048, 2048, 2048, 2048, 2064]",254.0,2:14.460
